id,label,kind,primary_slice,declared_country,final_country,place,method,matched_text,ambiguous
bertoldi,Manuel Bertoldi,person,latam-solidarity,Argentina,Argentina,,declared,,
estrada,Paola Estrada,person,latam-solidarity,Brazil,Brazil,,declared,,
fsp,Foro de São Paulo,concept,latam-solidarity,Brazil,Brazil,,declared,,
valente,Mónica Valente,person,latam-solidarity,Brazil,Brazil,,declared,,
rub_canadian_network_on_cuba,Canadian Network on Cuba,org,rubio-cuba,Canada,Canada,,declared,,
china,China (PRC),concept,singham-spine,China,China,,declared,,
rub_p_gustavo_petro,Gustavo Petro,person,rubio-cuba,Colombia,Colombia,,declared,,
cuba,Cuba,concept,singham-spine,Cuba,Cuba,,declared,,
hub_assata_shakur,Assata Shakur,person,afgj-interlock,Cuba,Cuba,,declared,,
rub_amistur_cuba_sa,Amistur Cuba SA,org,rubio-cuba,Cuba,Cuba,,declared,,
rub_cuban_interests_section,Cuban Interests Section,org,rubio-cuba,Cuba,Cuba,,declared,,
rub_cuban_mission_to_the_un,Cuban Mission to the UN,org,rubio-cuba,Cuba,Cuba,,declared,,
rub_p_antonio_guerrero,Antonio Guerrero,person,rubio-cuba,Cuba,Cuba,,declared,,
rub_p_charles_charlie_hill,Charles 'Charlie' Hill,person,rubio-cuba,Cuba,Cuba,,declared,,
rub_p_fernando_gonz_lez_llor,Fernando González Llort,person,rubio-cuba,Cuba,Cuba,,declared,,
rub_p_gerardo_hern_ndez,Gerardo Hernández,person,rubio-cuba,Cuba,Cuba,,declared,,
rub_p_ram_n_laba_ino,Ramón Labañino,person,rubio-cuba,Cuba,Cuba,,declared,,
rub_p_ren_gonz_lez,René González,person,rubio-cuba,Cuba,Cuba,,declared,,
rub_radio_habana,Radio Habana,org,rubio-cuba,Cuba,Cuba,,declared,,
rub_the_wasp_network_red_avisp,The Wasp Network / Red Avispa,org,rubio-cuba,Cuba,Cuba,,declared,,
dagdelen,Sevim Dagdelen,person,rls-germany,Germany,Germany,,declared,,
die_linke,Die Linke,org,rls-germany,Germany,Germany,,declared,,
enkelmann,Dagmar Enkelmann,person,rls-germany,Germany,Germany,,declared,,
fes,Friedrich Ebert Stiftung Inc (FES),org,rls-germany,Germany,Germany,,declared,,
fns,Friedrich Naumann Foundation (FNS),org,rls-germany,Germany,Germany,,declared,,
german_gov,German Federal Government,concept,rls-germany,Germany,Germany,,declared,,
hbs,Heinrich Boell Foundation (HBS),org,rls-germany,Germany,Germany,,declared,,
hss,Hanns Seidel Foundation USA (HSS),org,rls-germany,Germany,Germany,,declared,,
kas,Konrad Adenauer Stiftung Inc (KAS),org,rls-germany,Germany,Germany,,declared,,
rls_berlin,Rosa-Luxemburg-Stiftung e.V. (Berlin),org,rls-germany,Germany,Germany,,declared,,
rub_germany_cuba_friendship_as,Germany-Cuba Friendship Association,org,rubio-cuba,Germany,Germany,,declared,,
trochowski,Daniela Trochowski,person,rls-germany,Germany,Germany,,declared,,
bournous,Yiannis Bournous,person,rls-germany,Greece,Greece,,declared,,
syriza,SYRIZA,org,rls-germany,Greece,Greece,,declared,,
fars_news,Fars News Agency,org,iran-network,Iran,Iran,,declared,,
hispantv,HispanTV,org,iran-network,Iran,Iran,,declared,,
iran,Islamic Republic of Iran (state),concept,iran-network,Iran,Iran,,declared,,
iran_foreign_ministry,Iranian Ministry of Foreign Affairs,org,iran-network,Iran,Iran,,declared,,
iranian_red_crescent,Iranian Red Crescent Society,org,iran-network,Iran,Iran,,declared,,
irgc,Islamic Revolutionary Guard Corps (IRGC),org,iran-network,Iran,Iran,,declared,,
new_horizon,New Horizon Organization,org,iran-network,Iran,Iran,,declared,,
press_tv,Press TV,org,iran-network,Iran,Iran,,declared,,
zarif,Mohammad Javad Zarif,person,iran-network,Iran,Iran,,declared,,
per_gila_svirsky,Gila Svirsky,person,afgj-interlock,Israel,Israel,,declared,,
per_hannah_safran,Hannah Safran,person,afgj-interlock,Israel,Israel,,declared,,
atc,ATC — Asociación de Trabajadores del Campo,org,latam-solidarity,Nicaragua,Nicaragua,,declared,,
ev_nica_delegation_2021,AFGJ Intl Delegation to Nicaragua (Jul 2021),concept,latam-solidarity,Nicaragua,Nicaragua,,declared,,
ev_nica_election_2021,Nicaragua General Election (Nov 2021),concept,latam-solidarity,Nicaragua,Nicaragua,,declared,,
fsln,FSLN — Sandinista National Liberation Front,org,latam-solidarity,Nicaragua,Nicaragua,,declared,,
ortega,Daniel Ortega,person,latam-solidarity,Nicaragua,Nicaragua,,declared,,
per_erika_takeo,Erika Takeo,person,afgj-interlock,Nicaragua,Nicaragua,,declared,,
per_marlen_s_nchez,Marlen Sánchez,person,afgj-interlock,Nicaragua,Nicaragua,,declared,,
bello,Walden Bello,person,rls-germany,Philippines,Philippines,,declared,,
russia,Russia,concept,singham-spine,Russia,Russia,,declared,,
inv_cosatu,COSATU (Congress of South African Trade Unions),org,rubio-cuba,South Africa,South Africa,,declared,,
inv_sacp,South African Communist Party (SACP),org,rubio-cuba,South Africa,South Africa,,declared,,
rub_african_national_congress,African National Congress,org,rubio-cuba,South Africa,South Africa,,declared,,
maura,Eduardo Maura,person,rls-germany,Spain,Spain,,declared,,
podemos,Podemos,org,rls-germany,Spain,Spain,,declared,,
abbott,Diane Abbott,person,rls-germany,UK,UK,,declared,,
rub_british_cuba_solidarity_ca,British Cuba Solidarity Campaign,org,rubio-cuba,UK,UK,,declared,,
rub_p_george_galloway,George Galloway,person,rubio-cuba,UK,UK,,declared,,
uk_labour,UK Labour Party,org,rls-germany,UK,UK,,declared,,
afgj,Alliance for Global Justice,org,afgj-interlock,US,US,,declared,,
answer,ANSWER Coalition,org,hatuey,US,US,,declared,,
bap,Black Alliance for Peace,org,latam-solidarity,US,US,,declared,,
ben_becker,Ben Becker,person,hatuey,US,US,,declared,,
brecht_forum,Brecht Forum,org,rls-germany,US,US,,declared,,
burke,Tom Burke,person,latam-solidarity,US,US,,declared,,
camacaro,William Camacaro,person,latam-solidarity,US,US,,declared,,
clarkgollub,Jill Clark-Gollub,person,latam-solidarity,US,US,,declared,,
codepink,CODEPINK,org,iran-network,US,US,,declared,,
cpc,Congressional Progressive Caucus,org,rls-germany,US,US,,declared,,
delacruz,Claudia De la Cruz,person,hatuey,US,US,,declared,,
delossantos,Manolo de los Santos,person,hatuey,US,US,,declared,,
dpaul,David Paul,person,latam-solidarity,US,US,,declared,,
dsa,Democratic Socialists of America,org,latam-solidarity,US,US,,declared,,
dsa_fund,DSA Fund,org,rls-germany,US,US,,declared,,
friendsatc,Friends of the ATC,org,latam-solidarity,US,US,,declared,,
frso,Freedom Road Socialist Organization,org,latam-solidarity,US,US,,declared,,
harris,Roger D. Harris,person,latam-solidarity,US,US,,declared,,
hoyt,Katherine Hoyt,person,latam-solidarity,US,US,,declared,,
ips,Institute for Policy Studies,org,rls-germany,US,US,,declared,,
jacobin,Jacobin,org,rls-germany,US,US,,declared,,
jordan,James Patrick Jordan,person,latam-solidarity,US,US,,declared,,
kaufman,Chuck Kaufman,person,latam-solidarity,US,US,,declared,,
kovalik,Dan Kovalik,person,latam-solidarity,US,US,,declared,,
kuang,Savannah Kuang,person,latam-solidarity,US,US,,declared,,
nicanet,Nicaragua Network,org,latam-solidarity,US,US,,declared,,
nlg,National Lawyers Guild,org,latam-solidarity,US,US,,declared,,
nunez,Marlon Matthew Nunez,person,latam-solidarity,US,US,,declared,,
pf,The People's Forum,org,hatuey,US,US,,declared,,
psl,Party for Socialism & Liberation,org,hatuey,US,US,,declared,,
rls_nyc,Rosa Luxemburg Stiftung Inc (RLS-NYC),org,rls-germany,US,US,,declared,,
souers,Wyatt Souers,person,latam-solidarity,US,US,,declared,,
tfa,Task Force on the Americas,org,latam-solidarity,US,US,,declared,,
tricontinental,Tricontinental: Institute for Social Research,org,latam-solidarity,US,US,,declared,,
uspc,US Peace Council,org,latam-solidarity,US,US,,declared,,
vsn,Venezuela Solidarity Network,org,latam-solidarity,US,US,,declared,,
wfp,Working Families Party,org,rls-germany,US,US,,declared,,
ydsa,Young DSA (YDSA),org,rls-germany,US,US,,declared,,
albamov,ALBA Movimientos,concept,latam-solidarity,Venezuela,Venezuela,,declared,,
ev_antifa_festival_2025,International Anti-Fascist Festival (Caracas Jan 9-11 2025),concept,latam-solidarity,Venezuela,Venezuela,,declared,,
ev_caracas_antifa_2024,Antifascist Congress of Caracas (Nov 28 2024),concept,latam-solidarity,Venezuela,Venezuela,,declared,,
ev_fsp_caracas_2019,25th Foro de São Paulo (Caracas 2019),concept,latam-solidarity,Venezuela,Venezuela,,declared,,
ev_ipa_founding_2019,IPA Founding Assembly (Caracas Feb 2019),concept,latam-solidarity,Venezuela,Venezuela,,declared,,
ev_maduro_inaug_2025,Maduro 3rd Inauguration (Jan 10 2025),concept,latam-solidarity,Venezuela,Venezuela,,declared,,
ev_vz_election_2024,Venezuela Presidential Election (Jul 28 2024),concept,latam-solidarity,Venezuela,Venezuela,,declared,,
ev_wfys_2005,16th World Festival of Youth & Students (Caracas 2005),concept,latam-solidarity,Venezuela,Venezuela,,declared,,
hub_hugo_chavez,Hugo Chavez,person,afgj-interlock,Venezuela,Venezuela,,declared,,
ipa,International Peoples' Assembly,concept,latam-solidarity,Venezuela,Venezuela,,declared,,
maduro,Nicolás Maduro,person,latam-solidarity,Venezuela,Venezuela,,declared,,
p_orinoco_tribune,Orinoco Tribune,project,afgj-interlock,Venezuela,Venezuela,,declared,,
ron,Carlos Ron,person,rubio-cuba,Venezuela,Venezuela,,declared,,
venezuela,Venezuela,concept,singham-spine,Venezuela,Venezuela,,declared,,
rub_zimbabwe_african_people_s,Zimbabwe African People's Union,org,rubio-cuba,Zimbabwe,Zimbabwe,,declared,,
arc_of_justice,"Arc of Justice (fka Benjamin Fund, Inc.)",org,iran-network,,US,,ein_us,84-1618483,
btm,BreakThrough News,org,singham-spine,,US,,ein_us,84-5071181,
c3misc,Affiliated 501(c)(3),org,singham-spine,,US,,ein_us,87-2461683,
cultureproject,Culture Project,org,singham-spine,,US,,ein_us,13-3898892,
gbi,General Baker Institute,org,singham-spine,,US,,ein_us,81-1174658,
global_exchange,Global Exchange,org,iran-network,,US,,ein_us,94-3066686,
grassroots_intl,Grassroots International,org,iran-network,,US,,ein_us,04-2791159,
jef,Justice and Education Fund (JEF),org,iran-network,,US,,ein_us,82-4975378,
pi,Progressive International,org,rls-germany,,US,,ein_us,93-3021918,
psf,People's Support Foundation (PSF),org,iran-network,,US,,ein_us,82-1202926,
puf,Progress Unity Fund,org,singham-spine,,US,,ein_us,94-3382208,
pwa,People's Welfare Association,org,singham-spine,,US,,ein_us,83-4705654,
social_good_fund,Social Good Fund,org,iran-network,,US,,ein_us,46-1323531,
ucf,United Community Fund,org,singham-spine,,US,,ein_us,37-1913339,
uts,Union Theological Seminary,org,singham-spine,,US,,ein_us,13-1624238,
icap,ICAP,org,hatuey,,US,,us_501c_text,501(c)(3),
krouth,Kristine Teresa Krouth,person,singham-spine,,US,,us_501c_text,501(c)(4),
p_assata_s_daughters,Assata’s Daughters,project,afgj-interlock,,US,,us_501c_text,us_501c,
rub_amazon_labor_union,Amazon Labor Union,org,rubio-cuba,,US,,us_501c_text,501c5,
rub_association_for_investment,Association for Investment in Popular Action Committees,org,rubio-cuba,,US,,us_501c_text,us_501c,
rub_black_lives_matter_at_scho,Black Lives Matter at School,org,rubio-cuba,,US,,us_501c_text,us_501c,
rub_black_lives_matter_global,Black Lives Matter Global Network Foundation,org,rubio-cuba,,US,,us_501c_text,us_501c,
rub_black_lives_matter_grassro,Black Lives Matter Grassroots,org,rubio-cuba,,US,,us_501c_text,us_501c,
rub_claudia_jones_school,Claudia Jones School,org,rubio-cuba,,US,,us_501c_text,501(c)(3),
rub_communist_party_usa,Communist Party USA,org,rubio-cuba,,US,,us_501c_text,501(c)(3),
rub_ifco_pastors_for_peace,IFCO / Pastors for Peace,org,rubio-cuba,,US,,us_501c_text,us_501c,
rub_naacp,NAACP,org,rubio-cuba,,US,,us_501c_text,us_501c,
rub_nation_of_islam,Nation of Islam,org,rubio-cuba,,US,,us_501c_text,us_501c,
rub_national_conference_of_bla,National Conference of Black Lawyers,org,rubio-cuba,,US,,us_501c_text,us_501c,
rub_thousand_currents,Thousand Currents,org,rubio-cuba,,US,,us_501c_text,us_501c,
rub_witness_for_peace_solidari,Witness for Peace Solidarity Collective,org,rubio-cuba,,US,,us_501c_text,us_501c,
singham,Neville Roy Singham,person,hatuey,,China,China,city_in_notes,Shanghai,
singham_shanti,Shanti Singham,person,singham-spine,,China,China,city_in_notes,Beijing,
rub_m_19,M-19,org,rubio-cuba,,Colombia,Bogota,city_in_notes,Bogotá,
rhc,Radio Havana Cuba / Prensa Latina / Granma,org,hatuey,,Cuba,Havana,city_in_notes,Havana,
stein,Abby Stein (JVP Rabbinical Council),person,iran-network,,Iran,Tehran,city_in_notes,tehran,
theoharis,Rev. Dr. Elizabeth Armen Liz Theoharis,person,singham-spine,,Palestine,Palestine,city_in_notes,Gaza,
arlen_gomez,Arlen Benjamin-Gomez,person,iran-network,,US,New York,city_in_notes,New York,
balagun,Kazembe Balagun,person,rls-germany,,US,New York,city_in_notes,NYC,
cea_weaver,Cea Weaver,person,rls-germany,,US,New York,city_in_notes,NYC,
chanoine,Claudette Chanoine,person,rls-germany,,US,New York,city_in_notes,NYC,
chua,Heidi Chua,person,rls-germany,,US,New York,city_in_notes,NYC,
duhalde,David Duhalde,person,rls-germany,,US,New York,city_in_notes,NYC,
dwilliams,David Williams,person,rls-germany,,US,New York,city_in_notes,NYC,
earle,Ethan Earle,person,rls-germany,,US,New York,city_in_notes,NYC,
ehmsen,Stefanie Ehmsen,person,rls-germany,,US,New York,city_in_notes,NYC; Berlin,yes
gunther,Andreas Günther,person,rls-germany,,US,New York,city_in_notes,NYC,
hub_massachusetts_bail,Massachusetts Bail Fund,org,afgj-interlock,,US,Massachusetts,city_in_notes,Massachusetts,
liebich,Stefan Liebich,person,rls-germany,,US,New York,city_in_notes,NYC,
mfernandez,Mariana Fernandez,person,rls-germany,,US,New York,city_in_notes,NYC,
ncri_report,Following the Benjamins: How a $48 Million Foundation Operated an Iran-Aligned Influence Network Outside State Oversight in Florida,concept,iran-network,,US,Florida,city_in_notes,Florida; tehran,yes
nmeyer,Neal Meyer,person,rls-germany,,US,New York,city_in_notes,NYC,
p_arizona_educators_united,Arizona Educators United,project,afgj-projects,,US,Arizona,city_in_notes,Arizona,
p_arizona_palestine_solidarity_alliance,Arizona Palestine Solidarity Alliance,project,afgj-interlock,,US,Arizona,city_in_notes,Arizona,
p_az_jobs_with_justice,AZ Jobs with Justice,project,afgj-projects,,US,Arizona,city_in_notes,AZ,
p_black_lives_matter_oklahoma_city,Black Lives Matter-Oklahoma City,project,afgj-interlock,,US,Oklahoma,city_in_notes,Oklahoma,
p_black_lives_matter_tucson,Black Lives Matter Tucson,project,afgj-projects,,US,Arizona,city_in_notes,Tucson,
p_bukit_bail_fund_of_pittsburgh,Bukit Bail Fund of Pittsburgh,project,afgj-projects,,US,Pittsburgh,city_in_notes,Pittsburgh,
p_central_ohio_freedom_fund,Central Ohio Freedom Fund,project,afgj-projects,,US,Ohio,city_in_notes,Ohio,
p_centro_solidario_de_puerto_rico,Centro Solidario de Puerto Rico,project,afgj-projects,,US,Puerto Rico,city_in_notes,Puerto Rico,
p_chicago_housing_initiative,Chicago Housing Initiative,project,afgj-interlock,,US,Chicago,city_in_notes,Chicago,
p_chicago_housing_justice_league,Chicago Housing Justice League,project,afgj-interlock,,US,Chicago,city_in_notes,Chicago,
p_colorado_freedom_fund,Colorado Freedom Fund,project,afgj-interlock,,US,Colorado,city_in_notes,Colorado,
p_denver_justice_project,Denver Justice Project,project,afgj-projects,,US,Colorado,city_in_notes,Denver,
p_erie_bail_fund,Erie Bail Fund,project,afgj-projects,,US,Erie PA,city_in_notes,Erie,
p_lancaster_bail_fund,Lancaster Bail Fund,project,afgj-projects,,US,Lancaster PA,city_in_notes,Lancaster,
p_los_angeles_community_action_network,Los Angeles Community Action Network,project,afgj-interlock,,US,Los Angeles,city_in_notes,Los Angeles,
p_philly_thrive,Philly Thrive,project,afgj-projects,,US,Philadelphia,city_in_notes,Philly,
p_real_name_campaign_nola,Real Name Campaign NOLA,project,afgj-projects,,US,New Orleans,city_in_notes,NOLA,
p_south_bronx_unite,South Bronx Unite,project,afgj-interlock,,US,New York,city_in_notes,Bronx,
p_thompson_house_tucson,Thompson House Tucson,project,afgj-interlock,,US,Arizona,city_in_notes,Tucson,
per_debra_sweet,Debra Sweet,person,afgj-interlock,,US,SF Bay Area,city_in_notes,San Francisco,
per_elisabeth_epps,Elisabeth Epps,person,afgj-interlock,,US,Colorado,city_in_notes,Colorado,
per_frank_avellone,Frank Avellone,person,afgj-interlock,,US,Chicago,city_in_notes,Chicago,
per_kristen_hackett,Kristen Hackett,person,afgj-interlock,,US,New York,city_in_notes,New York,
per_lourdes_escalante,Lourdes Escalante,person,afgj-interlock,,US,Arizona,city_in_notes,Tucson,
per_mcahl_sheffield,Mcahl Sheffield,person,afgj-interlock,,US,Chicago,city_in_notes,Chicago,
per_meghan_maurus,Meghan Maurus,person,afgj-interlock,,US,New York,city_in_notes,New York,
per_melina_abdullah,Melina Abdullah,person,afgj-interlock,,US,California; Los Angeles,city_in_notes,Los Angeles; California,
per_melissa_barber_md,"Melissa Barber, MD",person,afgj-interlock,,US,New York,city_in_notes,Bronx,
per_michael_cox,Michael Cox,person,afgj-interlock,,US,Massachusetts,city_in_notes,Massachusetts,
per_mohyeddin_abdulaziz,Mohyeddin Abdulaziz,person,afgj-interlock,,US,Arizona,city_in_notes,Arizona,
per_monxo_lopez,Monxo Lopez,person,afgj-interlock,,US,New York,city_in_notes,Bronx,
per_mychal_johnson,Mychal Johnson,person,afgj-interlock,,US,New York,city_in_notes,Bronx,
per_nate_kleinman,Nate Kleinman,person,afgj-interlock,,US,Philadelphia,city_in_notes,Philly,
per_nathan_sheard,Nathan Sheard,person,afgj-interlock,,US,Baltimore; New York; St Louis,city_in_notes,New York; Baltimore; St. Louis,
per_pablo_benson_silva,Pablo Benson-Silva,person,afgj-interlock,,US,New York,city_in_notes,New York,
per_rebecca_heinegg,Rebecca Heinegg,person,afgj-interlock,,US,New York,city_in_notes,New York,
per_rick_jahnkow,Rick Jahnkow,person,afgj-interlock,,US,California,city_in_notes,California,
per_samantha_butler,Samantha Butler,person,afgj-interlock,,US,Chicago,city_in_notes,Chicago,
per_sunny_levine,Sunny Levine,person,afgj-interlock,,US,Baltimore,city_in_notes,Baltimore,
per_tamara_shapiro,Tamara Shapiro,person,afgj-interlock,,US,New York,city_in_notes,NYC,
per_tara_thompson,Tara Thompson,person,afgj-interlock,,US,St Louis,city_in_notes,St. Louis,
per_tef_poe,Tef Poe,person,afgj-interlock,,US,St Louis,city_in_notes,St. Louis,
prashad,Vijay Prashad,person,rls-germany,,US,New York,city_in_notes,nyc; Berlin,yes
rub_macheteros,Macheteros,org,rubio-cuba,,US,Puerto Rico,city_in_notes,Puerto Rico,
rub_p_paul_larudee,Paul Larudee,person,rubio-cuba,,US,California,city_in_notes,California,
scharenberg,Albert Scharenberg,person,rls-germany,,US,New York,city_in_notes,NYC,
sunkara,Bhaskar Sunkara,person,rls-germany,,US,New York,city_in_notes,NYC,
svart,Maria Svart,person,rls-germany,,US,New York,city_in_notes,NYC,
tighe_barry,Tighe Barry,person,iran-network,,US,Washington DC,city_in_notes,DC address,
niac,National Iranian American Council (NIAC),org,iran-network,,US,US,based_phrase,US-based,
alhusseini,Ibrahim AlHusseini,person,singham-spine,,,,none,,
alvin_benjamin,Alvin Benjamin (1920-2012),person,iran-network,,,,none,,
anderson-figueroa,Jo Anderson-Figueroa,person,singham-spine,,,,none,,
ann_wright,Ann Wright,person,iran-network,,,,none,travel mention only: Tehran,
baker_carolyn,Carolyn Baker,person,singham-spine,,,,none,,
baker_gordon,General Gordon Baker Jr.,person,singham-spine,,,,none,,
baptist,William Willie Baptist Jr.,person,singham-spine,,,,none,,
belen,Matthew Matt Belen,person,singham-spine,,,,none,,
benjamin,Medea Benjamin,person,iran-network,,,,none,,
bounds,Tajee Bounds,person,singham-spine,,,,none,,
brease,Emily Brease,person,singham-spine,,,,none,,
brian_becker,Brian Becker,person,hatuey,,,,none,,
bugni,Renata Porto Bugni,person,singham-spine,,,,none,,
caruso,Christopher Chris Caruso,person,singham-spine,,,,none,,
ccr,Center for Constitutional Rights,org,iran-network,,,,none,,
chak,Tings Chak,person,singham-spine,,,,none,,
chung,David Sung Mo Chung,person,singham-spine,,,,none,,
conway,Marshall Eddie Conway,person,singham-spine,,,,none,,
cook,Claire Cook,person,singham-spine,,,,none,,
craig,Hannah Priscilla Craig,person,singham-spine,,,,none,,
croce,STEIN-DELLA CROCE,person,singham-spine,,,,none,,
danaher,Maya (Mandela) Danaher,person,iran-network,,,,none,,
deborah_benjamin,Deborah Coyle Benjamin,person,iran-network,,,,none,,
ensler,Eve Ensler,person,singham-spine,,,,none,,
evans,Jodie Evans,person,iran-network,,,,none,,
fernandes,Marco Fernandes,person,singham-spine,,,,none,,
garcia,Karina Garcia,person,hatuey,,,,none,,
ghost_officers,Ghost Officers (5 unidentified signers),concept,iran-network,,,,none,,
gonzales,Kate Gonzales,person,singham-spine,,,,none,,
goodwin,Alicia Thilani Singham Goodwin,person,singham-spine,,,,none,,
grenyion,Kristen Grenyion,person,singham-spine,,,,none,,
hamby,Ryan Hamby,person,singham-spine,,,,none,,
hatuey,The Hatuey Project,project,hatuey,,,,none,,
henderson,Rita Henderson,person,singham-spine,,,,none,,
hrizi,Nathalie Patricia Hrizi,person,singham-spine,,,,none,,
hu,Rachel Hu,person,singham-spine,,,,none,,
hub_andira_alves,Andira Alves,person,afgj-interlock,,,,none,,
hub_autonomous_tenants_union,Autonomous Tenants Union,org,afgj-interlock,,,,none,,
hub_communities_united,Communities United,org,afgj-interlock,,,,none,,
hub_dead_prez,Dead Prez,org,afgj-interlock,,,,none,,
hub_dream_defenders,Dream Defenders,org,afgj-interlock,,,,none,,
hub_green_party,Green Party,org,afgj-interlock,,,,none,,
hub_green_shadow_cabinet,Green Shadow Cabinet,org,afgj-interlock,,,,none,,
hub_ifnotnow,IfNotNow,org,afgj-interlock,,,,none,,
hub_lawyers_better_housing,Lawyers’ Committee for Better Housing,org,afgj-interlock,,,,none,,
hub_leni_villag_mez_reeves,Leni Villagómez Reeves,person,afgj-interlock,,,,none,,
hub_military_families_speak_out,Military Families Speak Out,org,afgj-interlock,,,,none,,
hub_mott_haven_port_morris_community_land_st,Mott Haven-Port Morris Community Land Stewards,org,afgj-interlock,,,,none,,
hub_movement_netlab,Movement NetLab,org,afgj-interlock,,,,none,,
hub_occupy_sandy,Occupy Sandy,org,afgj-interlock,,,,none,,
hub_occupy_wall_street,Occupy Wall Street,org,afgj-interlock,,,,none,,
hub_opposed_to_militarism_draft,Committee Opposed to Militarism & the Draft,org,afgj-interlock,,,,none,,
hub_revolutionary_communist_party_usa,"Revolutionary Communist Party, USA",org,afgj-interlock,,,,none,,
hub_talib_kweli,Talib Kweli,person,afgj-interlock,,,,none,,
hub_trans_justice_funding,Trans Justice Funding Project,org,afgj-interlock,,,,none,,
hub_will_kohr,Will Kohr,person,afgj-interlock,,,,none,,
hub_women_in_black,Women in Black,org,afgj-interlock,,,,none,,
hub_women_s_march,Women’s March,org,afgj-interlock,,,,none,,
inv_juan_ruiz_rivera_brigade,"""Juan Ruiz Rivera"" Puerto Rican Solidarity Brigade",org,rubio-cuba,,,,none,,
irgens_moller,Kirsten Irgens-Moller,person,iran-network,,,,none,,
janequine,Olivia Goncalves Janequine,person,singham-spine,,,,none,,
jonathan_raggett,Jonathan 'Jonny' Raggett,person,iran-network,,,,none,,
jvp,Jewish Voice for Peace (JVP),org,iran-network,,,,none,,
khalek,Rania Abdul Khalek,person,singham-spine,,,,none,,
kleiner,Franziska Kleiner,person,singham-spine,,,,none,,
kramer,Marian Kramer,person,singham-spine,,,,none,,
lariva,Gloria La Riva,person,afgj-interlock,,,,none,,
leila_zand,Leila Zand,person,iran-network,,,,none,,
lowengard,Elizabeth Lowengard,person,singham-spine,,,,none,,
luvela,Smangele Luvela,person,singham-spine,,,,none,,
ma,"Simon Ma, MD, MPH",person,afgj-interlock,,,,none,,
marsh,"Nadia Marsh, MD",person,afgj-interlock,,,,none,,
mcalevey,Jane McAlevey,person,rls-germany,,,,none,,
mccarthy,Bobbette McCarthy,person,singham-spine,,,,none,,
minsap,MINSAP (Cuban Health Ministry),org,hatuey,,,,none,,
moseley,Saidi Moseley,person,singham-spine,,,,none,,
o4p,Organizing for Power (O4P),project,rls-germany,,,,none,,
p_411_collective,411 Collective,project,afgj-projects,,,,none,,
p_action_bail_fund,Action Bail Fund,project,afgj-projects,,,,none,,
p_adastra,AdAstra,project,afgj-interlock,,,,none,,
p_african_awareness_association,African Awareness Association,project,afgj-projects,,,,none,,
p_alianza_ind_gena_sin_fronteras_indigen,Alianza Indígena Sin Fronteras / Indigenous Alliance Without Borders,project,afgj-interlock,,,,none,,
p_amigos_de_la_playa,Amigos de la Playa,project,afgj-projects,,,,none,,
p_asotrecol,ASOTRECOL,project,afgj-projects,,,,none,,
p_beef_relief,Beef Relief,project,afgj-projects,,,,none,,
p_black_and_pink_ma,Black and Pink MA,project,afgj-interlock,,,,none,,
p_black_movement_law_project,Black Movement Law Project,project,afgj-interlock,,,,none,,
p_black_trans_media,Black Trans Media,project,afgj-projects,,,,none,,
p_black_trans_travel_fund,Black Trans Travel Fund,project,afgj-interlock,,,,none,,
p_bv_solidarity_project,BV Solidarity Project,project,afgj-projects,,,,none,,
p_camino_com_n,Camino Común,project,afgj-projects,,,,none,,
p_centro_de_derechos_humanos_del_pac_fic,Centro de Derechos Humanos del Pacífico (Centro Pazífico),project,afgj-projects,,,,none,,
p_change_links_newspaper,Change-Links Newspaper,project,afgj-interlock,,,,none,,
p_chico_mendes_reforestation_project,Chico Mendes Reforestation Project,project,afgj-projects,,,,none,,
p_cindy_sheehan_s_soapbox,Cindy Sheehan’s Soapbox,project,afgj-interlock,,,,none,,
p_clean_up_the_mines,Clean up the Mines,project,afgj-projects,,,,none,,
p_coalition_of_women_for_peace,Coalition of Women for Peace,project,afgj-interlock,,,,none,,
p_community_action_relief_project,Community Action Relief Project,project,afgj-projects,,,,none,,
p_corporate_genome_project,Corporate Genome Project,project,afgj-interlock,,,,none,,
p_creating_a_more_beloved_community_film,Creating a More Beloved Community Film & Discussion Series,project,afgj-projects,,,,none,,
p_eritye_papa_desalin,Eritye Papa Desalin,project,afgj-projects,,,,none,,
p_free_mumia_abu_jamal_coalition,Free Mumia Abu-Jamal Coalition,project,afgj-projects,,,,none,,
p_friends_of_asociaci_n_de_trabajadores_,Friends of Asociación de Trabajadores Campesinos,project,afgj-interlock,,,,none,,
p_friends_of_gente_de_i_itoi_a_c,"Friends of Gente de I’itoi, A.C.",project,afgj-projects,,,,none,,
p_friends_of_mujeres_de_la_tierra,Friends of Mujeres de la Tierra,project,afgj-projects,,,,none,,
p_gno_interfaith_sanctuary_coalition,GNO Interfaith Sanctuary Coalition,project,afgj-projects,,,,none,,
p_good_shepherd_collective,Good Shepherd Collective,project,afgj-projects,,,,none,,
p_hampshire_college_legal_support_fund,Hampshire College Legal Support Fund,project,afgj-projects,,,,none,,
p_hands_up_united,Hands Up United,project,afgj-interlock,,,,none,,
p_honduras_solidarity_network,Honduras Solidarity Network,project,afgj-projects,,,,none,,
p_human_rights_school,Human Rights School,project,afgj-projects,,,,none,,
p_initiative_for_equality,Initiative for Equality,project,afgj-projects,,,,none,,
p_instituto_agroecol_gico_latinoamerican,Instituto Agroecológico Latinoamericano–Mesoamericana (IALA Mesoamerica),project,afgj-interlock,,,,none,,
p_international_indigenous_initiative_fo,InterNational Indigenous Initiative for Transformative Collaboration,project,afgj-projects,,,,none,,
p_international_journal_of_foreign_langu,International Journal of Foreign Language Teaching,project,afgj-projects,,,,none,,
p_international_people_s_tribunal,International People’s Tribunal,project,afgj-projects,,,,none,,
p_interoccupy,InterOccupy,project,afgj-interlock,,,,none,,
p_irish_diaspora_decolonization_alliance,Irish Diaspora Decolonization Alliance,project,afgj-projects,,,,none,,
p_just_info,Just Info,project,afgj-interlock,,,,none,,
p_justice_for_all_coalition,Justice for All Coalition,project,afgj-interlock,,,,none,,
p_juthour_arboretum,Juthour Arboretum,project,afgj-projects,,,,none,,
p_kevin_zeese_emerging_activists_fund,Kevin Zeese Emerging Activists Fund,project,afgj-interlock,,,,none,,
p_kindred_connections,Kindred Connections,project,afgj-interlock,,,,none,,
p_la_colectiva,La ColectiVA,project,afgj-projects,,,,none,,
p_labor_against_racism_and_war,Labor Against Racism and War,project,afgj-projects,,,,none,,
p_legal_defense_for_palestine,Legal Defense for Palestine,project,afgj-projects,,,,none,,
p_lgbt_freedom_and_asylum_network,LGBT Freedom and Asylum Network,project,afgj-projects,,,,none,,
p_lgbt_voice_tanzania,LGBT Voice Tanzania,project,afgj-projects,,,,none,,
p_lo_eterno_media_collective,Lo Eterno Media Collective,project,afgj-projects,,,,none,,
p_lupinewood,Lupinewood,project,afgj-projects,,,,none,,
p_march_4_racial_justice,March 4 Racial Justice,project,afgj-interlock,,,,none,,
p_march_4_racial_justice_ny,March 4 Racial Justice NY,project,afgj-projects,,,,none,,
p_miracle_for_mikeals_legacy_foundation,Miracle For Mikeals Legacy Foundation,project,afgj-projects,,,,none,,
p_mosaic_black_trans_funding_network,Mosaic Black Trans Funding Network,project,afgj-projects,,,,none,,
p_movement_net_lab,Movement Net Lab,project,afgj-interlock,,,,none,,
p_nappy_roots_books,Nappy Roots Books,project,afgj-interlock,,,,none,,
p_national_association_of_human_rights_d,National Association of Human Rights Defenders,project,afgj-projects,,,,none,,
p_national_immigrant_solidarity_network,National Immigrant Solidarity Network,project,afgj-projects,,,,none,,
p_national_network_opposing_the_militari,National Network Opposing the Militarization of Youth,project,afgj-interlock,,,,none,,
p_never_again_action,Never Again Action,project,afgj-interlock,,,,none,,
p_nicaragua_solidarity_fund,Nicaragua Solidarity Fund,project,afgj-projects,,,,none,,
p_o_odham_anti_border_collective,O’odham Anti Border Collective,project,afgj-projects,,,,none,,
p_otros_mundos_a_c,Otros Mundos A.C.,project,afgj-projects,,,,none,,
p_peace_education,Peace Education,project,afgj-projects,,,,none,,
p_people_helping_people,People Helping People,project,afgj-projects,,,,none,,
p_poor_people_s_economic_human_rights_ca,Poor People’s Economic Human Rights Campaign,project,afgj-interlock,,,,none,,
p_popular_resistance,Popular Resistance,project,afgj-interlock,,,,none,,
p_pueblo_sin_fronteras,Pueblo Sin Fronteras,project,afgj-projects,,,,none,,
p_queer_food_foundation,Queer Food Foundation,project,afgj-interlock,,,,none,,
p_radical_bloggers_fund,Radical Bloggers Fund,project,afgj-projects,,,,none,,
p_real_food_generation,Real Food Generation,project,afgj-interlock,,,,none,,
p_reale_justice_network,Reale Justice Network,project,afgj-projects,,,,none,,
p_reconnect_earth,Reconnect Earth,project,afgj-projects,,,,none,,
p_red_de_solidaridad,Red de Solidaridad,project,afgj-projects,,,,none,,
p_refuse_fascism,Refuse Fascism,project,afgj-interlock,,,,none,,
p_return_solidarity,Return Solidarity,project,afgj-projects,,,,none,,
p_reuniting_of_african_descendants_road,Reuniting of African Descendants (ROAD),project,afgj-projects,,,,none,,
p_solidarity_ignite,Solidarity Ignite,project,afgj-projects,,,,none,,
p_splitseed_productions,SplitSeed Productions,project,afgj-interlock,,,,none,,
p_stop_mass_incarceration_network,Stop Mass Incarceration Network,project,afgj-interlock,,,,none,,
p_suriname_indigenous_health_fund,Suriname Indigenous Health Fund,project,afgj-projects,,,,none,,
p_sustainable_nations,Sustainable Nations,project,afgj-projects,,,,none,,
p_sustainable_orphanages_for_haitian_you,Sustainable Orphanages for Haitian Youth,project,afgj-interlock,,,,none,,
p_ta_ayush,Ta’ayush,project,afgj-projects,,,,none,,
p_taking_black_pride,Taking Black Pride,project,afgj-interlock,,,,none,,
p_the_l_i_c_project,The L.I.C. Project,project,afgj-projects,,,,none,,
p_trans_women_of_color_solidarity_networ,Trans Women of Color Solidarity Network,project,afgj-interlock,,,,none,,
p_ubuntu,UBUNTU,project,afgj-projects,,,,none,,
p_unir,UNIR,project,afgj-projects,,,,none,,
p_united_students_against_sweatshops,United Students Against Sweatshops,project,afgj-interlock,,,,none,,
p_upland_grassroots,Upland Grassroots,project,afgj-projects,,,,none,,
p_werk_for_peace,WERK for Peace,project,afgj-interlock,,,,none,,
p_white_noise_collective,White Noise Collective,project,afgj-projects,,,,none,,
p_woodbine_education_center,Woodbine Education Center,project,afgj-projects,,,,none,,
p_world_can_t_wait,World Can’t Wait,project,afgj-interlock,,,,none,,
p_youth_vs_apocalypse,Youth Vs Apocalypse,project,afgj-interlock,,,,none,,
pel,Party of the European Left,org,rls-germany,,,,none,,
per_abraham_hassen,Abraham Hassen,person,afgj-interlock,,,,none,,
per_allen_kwabena_frimpong,Allen Kwabena Frimpong,person,afgj-interlock,,,,none,,
per_alyssa_rubin,Alyssa Rubin,person,afgj-interlock,,,,none,,
per_andrea_ciannavei,Andrea Ciannavei,person,afgj-interlock,,,,none,,
per_antonio_gutierrez,Antonio Gutierrez,person,afgj-interlock,,,,none,,
per_aquib_s_yacoob,Aquib S. Yacoob,person,afgj-interlock,,,,none,,
per_banbose_shango,Banbose Shango,person,afgj-interlock,,,,none,,
per_bella_de_soto,Bella De Soto,person,afgj-interlock,,,,none,,
per_carl_dix,Carl Dix,person,afgj-interlock,,,,none,,
per_cheri_honkala,Cheri Honkala,person,afgj-interlock,,,,none,,
per_cindy_sheehan,Cindy Sheehan,person,afgj-interlock,,,,none,,
per_cornel_west,Cornel West,person,afgj-interlock,,,,none,,
per_cory_jong,Cory Jong,person,afgj-interlock,,,,none,,
per_dakotah_lilly,Dakotah Lilly,person,afgj-interlock,,,,none,travel mention only: New York,
per_david_foecke,David Foecke,person,afgj-interlock,,,,none,,
per_devin_michael_lowe,Devin Michael Lowe,person,afgj-interlock,,,,none,,
per_diane_limas,Diane Limas,person,afgj-interlock,,,,none,,
per_dr_patrisia_gonzales,Dr. Patrisia Gonzales,person,afgj-interlock,,,,none,,
per_elaine_brower,Elaine Brower,person,afgj-interlock,,,,none,,
per_evana,Evana,person,afgj-interlock,,,,none,,
per_firas_nasr,Firas Nasr,person,afgj-interlock,,,,none,,
per_gabrielle_lenart,Gabrielle Lenart,person,afgj-interlock,,,,none,,
per_gary_ghirardi,Gary Ghirardi,person,afgj-interlock,,,,none,,
per_joan_donovan,Joan Donovan,person,afgj-interlock,,,,none,,
per_johnnie_jae,Johnnie Jae,person,afgj-interlock,,,,none,,
per_kevin_zeese,Kevin Zeese,person,afgj-interlock,,,,none,,
per_khafre_jay,Khafre Jay,person,afgj-interlock,,,,none,,
per_kristen_godfrey,Kristen Godfrey,person,afgj-interlock,,,,none,,
per_lourdez,Lourdez,person,afgj-interlock,,,,none,,
per_makayla_heiser,Makayla Heiser,person,afgj-interlock,,,,none,,
per_margaret_flowers,Margaret Flowers,person,afgj-interlock,,,,none,,
per_mark_swartz,Mark Swartz,person,afgj-interlock,,,,none,,
per_mattie,Mattie,person,afgj-interlock,,,,none,,
per_maurice_cook,Maurice Cook,person,afgj-interlock,,,,none,,
per_mavis_jay_sanders,Mavis-Jay Sanders,person,afgj-interlock,,,,none,,
per_michael_novick,Michael Novick,person,afgj-interlock,,,,none,,
per_mirely_baca,Mirely Baca,person,afgj-interlock,,,,none,,
per_moira_meltzer_cohen,Moira Meltzer-Cohen,person,afgj-interlock,,,,none,,
per_oren_robinson,Oren Robinson,person,afgj-interlock,,,,none,,
per_page_may,Page May,person,afgj-interlock,,,,none,,
per_pat_alviso,Pat Alviso,person,afgj-interlock,,,,none,,
per_rachel_o_leary_carmona,Rachel O'Leary Carmona,person,afgj-interlock,,,,none,,
per_rachel_wilson,Rachel Wilson,person,afgj-interlock,,,,none,,
per_samantha_parsons,Samantha Parsons,person,afgj-interlock,,,,none,,
per_steve_lalla,Steve Lalla,person,afgj-interlock,,,,none,,
per_sunsara_taylor,Sunsara Taylor,person,afgj-interlock,,,,none,,
per_t_dubb_o,T-Dubb-O,person,afgj-interlock,,,,none,,
per_t_loving,T Loving,person,afgj-interlock,,,,none,,
per_t_sheri_dickerson,T. Sheri Dickerson,person,afgj-interlock,,,,none,,
per_taureen_tory_russell,"Taureen ""Tory"" Russell",person,afgj-interlock,,,,none,,
per_trayce_peterson,Trayce Peterson,person,afgj-interlock,,,,none,,
per_vee_morris_moore,Vee Morris Moore,person,afgj-interlock,,,,none,,
per_vik_velazquez_morales,Vikó Velazquez Morales,person,afgj-interlock,,,,none,,
pfetcher,Jason Pfetcher,person,singham-spine,,,,none,,
pflp,Popular Front for the Liberation of Palestine (PFLP),org,iran-network,,,,none,,
puryear,Eugene Puryear,person,singham-spine,,,,none,,
reyes,Karla Reyes,person,singham-spine,,,,none,,
richard_becker,Richard Becker,person,hatuey,,,,none,,
rose_benjamin,Rose Benjamin,person,iran-network,,,,none,,
rub_al_tajammu,Al-Tajammu,org,rubio-cuba,,,,none,,
rub_alpha_66,Alpha 66,org,rubio-cuba,,,,none,,
rub_belly_of_the_beast_llc,Belly of the Beast LLC,org,rubio-cuba,,,,none,,
rub_black_liberation_army,Black Liberation Army,org,rubio-cuba,,,,none,,
rub_black_panther_party,Black Panther Party,org,rubio-cuba,,,,none,,
rub_brothers_to_the_rescue,Brothers to the Rescue,org,rubio-cuba,,,,none,,
rub_changingfrequencies,changingFrequencies,org,rubio-cuba,,,,none,,
rub_cuban_american_national_fo,Cuban American National Foundation,org,rubio-cuba,,,,none,,
rub_democratic_front_for_the_l,Democratic Front for the Liberation of Palestine,org,rubio-cuba,,,,none,,
rub_eln,ELN,org,rubio-cuba,,,,none,,
rub_equality_for_flatbush,Equality for Flatbush,org,rubio-cuba,,,,none,,
rub_f_4_commandos,F-4 Commandos,org,rubio-cuba,,,,none,,
rub_fair_play_for_cuba_committ,Fair Play for Cuba Committee,org,rubio-cuba,,,,none,travel mention only: NYC,
rub_faln,FALN,org,rubio-cuba,,,,none,,
rub_george_floyd_riots_antifa,George Floyd riots / Antifa / campus activism,concept,rubio-cuba,,,,none,,
rub_haitian_women_for_haitian,Haitian Women for Haitian Refugees,org,rubio-cuba,,,,none,,
rub_hamas,Hamas,org,rubio-cuba,,,,none,,
rub_hezbollah,Hezbollah,org,rubio-cuba,,,,none,,
rub_houthis,Houthis,org,rubio-cuba,,,,none,,
rub_international_may_day_brig,International May Day Brigade,org,rubio-cuba,,,,none,,
rub_may_19th_communist_organiz,May 19th Communist Organization,org,rubio-cuba,,,,none,,
rub_montoneros,Montoneros,org,rubio-cuba,,,,none,,
rub_national_network_on_cuba,National Network on Cuba,org,rubio-cuba,,,,none,,
rub_olas,OLAS,org,rubio-cuba,,,,none,travel mention only: Havana,
rub_p_alicia_garza,Alicia Garza,person,rubio-cuba,,,,none,,
rub_p_angela_davis,Angela Davis,person,rubio-cuba,,,,none,,
rub_p_asad_rehman,Asad Rehman,person,rubio-cuba,,,,none,,
rub_p_bernardine_dohrn,Bernardine Dohrn,person,rubio-cuba,,,,none,,
rub_p_bill_ayers,Bill Ayers,person,rubio-cuba,,,,none,,
rub_p_kathy_boudin,Kathy Boudin,person,rubio-cuba,,,,none,,
rub_p_leonard_boudin,Leonard Boudin,person,rubio-cuba,,,,none,,
rub_p_nayef_hawatmeh,Nayef Hawatmeh,person,rubio-cuba,,,,none,,
rub_p_onyesonwu_chatoyer,Onyesonwu Chatoyer,person,rubio-cuba,,,,none,,
rub_p_opal_tometi,Opal Tometi,person,rubio-cuba,,,,none,,
rub_p_rev_lucius_walker,Rev. Lucius Walker,person,rubio-cuba,,,,none,,
rub_p_robert_f_williams,Robert F. Williams,person,rubio-cuba,,,,none,,
rub_p_suzanne_adely,Suzanne Adely,person,rubio-cuba,,,,none,,
rub_palestine_liberation_organ,Palestine Liberation Organization,org,rubio-cuba,,,,none,,
rub_palestinian_islamic_jihad,Palestinian Islamic Jihad,org,rubio-cuba,,,,none,,
rub_republic_of_new_afrika,Republic of New Afrika,org,rubio-cuba,,,,none,,
rub_student_nonviolent_coordin,Student Nonviolent Coordinating Committee,org,rubio-cuba,,,,none,,
rub_students_for_a_democratic,Students for a Democratic Society,org,rubio-cuba,,,,none,,
rub_the_jericho_movement,The Jericho Movement,org,rubio-cuba,,,,none,,
rub_tupamaros,Tupamaros,org,rubio-cuba,,,,none,,
rub_venceremos_brigade,Venceremos Brigade,org,rubio-cuba,,,,none,,
rub_viva_palestina_us,Viva Palestina US,org,rubio-cuba,,,,none,,
rub_weather_underground,Weather Underground,org,rubio-cuba,,,,none,,
rubio_report,Rubio Cuba Report (State Dept.),concept,rubio-cuba,,,,none,,
samidoun,Samidoun Palestinian Prisoner Solidarity Network,org,iran-network,,,,none,,
santos,Lucas Tinti dos Santos,person,singham-spine,,,,none,,
seal,ICAP 65th-Anniversary Seal,concept,hatuey,,,,none,,
taylor,Nancy Taylor,person,singham-spine,,,,none,,
viq,"Rachel Viqueira, MHS",person,afgj-interlock,,,,none,,
wathington,Chad Wathington,person,singham-spine,,,,none,,
wfdy,World Federation of Democratic Youth,org,latam-solidarity,,,,none,,
wider,Phil Wider,person,singham-spine,,,,none,,
xiao,Sheila Xiao,person,singham-spine,,,,none,,
yee,Amanda Yee,person,hatuey,,,,none,,
