a,a_label,b,b_label,shared_events,events
answer,ANSWER Coalition,bap,Black Alliance for Peace,2,AFGJ Intl Delegation to Nicar…; Venezuela Presidential Electi…
afgj,Alliance for Global Justice,answer,ANSWER Coalition,2,AFGJ Intl Delegation to Nicar…; Venezuela Presidential Electi…
afgj,Alliance for Global Justice,bap,Black Alliance for Peace,2,AFGJ Intl Delegation to Nicar…; Venezuela Presidential Electi…
ipa,International Peoples' Assembly,maduro,Nicolás Maduro,2,International Anti-Fascist Fe…; IPA Founding Assembly (Caraca…
clarkgollub,Jill Clark-Gollub,psl,Party for Socialism & Liberation,2,International Anti-Fascist Fe…; Venezuela Presidential Electi…
clarkgollub,Jill Clark-Gollub,harris,Roger D. Harris,2,International Anti-Fascist Fe…; Venezuela Presidential Electi…
clarkgollub,Jill Clark-Gollub,tfa,Task Force on the Americas,2,International Anti-Fascist Fe…; Venezuela Presidential Electi…
clarkgollub,Jill Clark-Gollub,uspc,US Peace Council,2,International Anti-Fascist Fe…; Venezuela Presidential Electi…
psl,Party for Socialism & Liberation,tfa,Task Force on the Americas,2,International Anti-Fascist Fe…; Venezuela Presidential Electi…
psl,Party for Socialism & Liberation,uspc,US Peace Council,2,International Anti-Fascist Fe…; Venezuela Presidential Electi…
harris,Roger D. Harris,psl,Party for Socialism & Liberation,2,International Anti-Fascist Fe…; Venezuela Presidential Electi…
harris,Roger D. Harris,tfa,Task Force on the Americas,2,International Anti-Fascist Fe…; Venezuela Presidential Electi…
harris,Roger D. Harris,uspc,US Peace Council,2,International Anti-Fascist Fe…; Venezuela Presidential Electi…
tfa,Task Force on the Americas,uspc,US Peace Council,2,International Anti-Fascist Fe…; Venezuela Presidential Electi…
answer,ANSWER Coalition,codepink,CODEPINK,1,Venezuela Presidential Electi…
answer,ANSWER Coalition,dsa,Democratic Socialists of America,1,Venezuela Presidential Electi…
answer,ANSWER Coalition,clarkgollub,Jill Clark-Gollub,1,Venezuela Presidential Electi…
answer,ANSWER Coalition,delossantos,Manolo de los Santos,1,Venezuela Presidential Electi…
answer,ANSWER Coalition,nunez,Marlon Matthew Nunez,1,Venezuela Presidential Electi…
answer,ANSWER Coalition,nlg,National Lawyers Guild,1,Venezuela Presidential Electi…
answer,ANSWER Coalition,nicanet,Nicaragua Network,1,AFGJ Intl Delegation to Nicar…
answer,ANSWER Coalition,psl,Party for Socialism & Liberation,1,Venezuela Presidential Electi…
answer,ANSWER Coalition,harris,Roger D. Harris,1,Venezuela Presidential Electi…
answer,ANSWER Coalition,kuang,Savannah Kuang,1,Venezuela Presidential Electi…
answer,ANSWER Coalition,tfa,Task Force on the Americas,1,Venezuela Presidential Electi…
answer,ANSWER Coalition,pf,The People's Forum,1,Venezuela Presidential Electi…
answer,ANSWER Coalition,uspc,US Peace Council,1,Venezuela Presidential Electi…
answer,ANSWER Coalition,vsn,Venezuela Solidarity Network,1,Venezuela Presidential Electi…
answer,ANSWER Coalition,camacaro,William Camacaro,1,Venezuela Presidential Electi…
answer,ANSWER Coalition,souers,Wyatt Souers,1,Venezuela Presidential Electi…
afgj,Alliance for Global Justice,codepink,CODEPINK,1,Venezuela Presidential Electi…
afgj,Alliance for Global Justice,ortega,Daniel Ortega,1,Nicaragua General Election (N…
afgj,Alliance for Global Justice,dsa,Democratic Socialists of America,1,Venezuela Presidential Electi…
afgj,Alliance for Global Justice,clarkgollub,Jill Clark-Gollub,1,Venezuela Presidential Electi…
afgj,Alliance for Global Justice,delossantos,Manolo de los Santos,1,Venezuela Presidential Electi…
afgj,Alliance for Global Justice,nunez,Marlon Matthew Nunez,1,Venezuela Presidential Electi…
afgj,Alliance for Global Justice,nlg,National Lawyers Guild,1,Venezuela Presidential Electi…
afgj,Alliance for Global Justice,nicanet,Nicaragua Network,1,AFGJ Intl Delegation to Nicar…
afgj,Alliance for Global Justice,psl,Party for Socialism & Liberation,1,Venezuela Presidential Electi…
afgj,Alliance for Global Justice,harris,Roger D. Harris,1,Venezuela Presidential Electi…
afgj,Alliance for Global Justice,kuang,Savannah Kuang,1,Venezuela Presidential Electi…
afgj,Alliance for Global Justice,tfa,Task Force on the Americas,1,Venezuela Presidential Electi…
afgj,Alliance for Global Justice,pf,The People's Forum,1,Venezuela Presidential Electi…
afgj,Alliance for Global Justice,uspc,US Peace Council,1,Venezuela Presidential Electi…
afgj,Alliance for Global Justice,vsn,Venezuela Solidarity Network,1,Venezuela Presidential Electi…
afgj,Alliance for Global Justice,camacaro,William Camacaro,1,Venezuela Presidential Electi…
afgj,Alliance for Global Justice,souers,Wyatt Souers,1,Venezuela Presidential Electi…
ben_becker,Ben Becker,psl,Party for Socialism & Liberation,1,16th World Festival of Youth …
ben_becker,Ben Becker,wfdy,World Federation of Democratic Youth,1,16th World Festival of Youth …
bap,Black Alliance for Peace,codepink,CODEPINK,1,Venezuela Presidential Electi…
bap,Black Alliance for Peace,dsa,Democratic Socialists of America,1,Venezuela Presidential Electi…
bap,Black Alliance for Peace,clarkgollub,Jill Clark-Gollub,1,Venezuela Presidential Electi…
bap,Black Alliance for Peace,delossantos,Manolo de los Santos,1,Venezuela Presidential Electi…
bap,Black Alliance for Peace,nunez,Marlon Matthew Nunez,1,Venezuela Presidential Electi…
bap,Black Alliance for Peace,nlg,National Lawyers Guild,1,Venezuela Presidential Electi…
bap,Black Alliance for Peace,nicanet,Nicaragua Network,1,AFGJ Intl Delegation to Nicar…
bap,Black Alliance for Peace,psl,Party for Socialism & Liberation,1,Venezuela Presidential Electi…
bap,Black Alliance for Peace,harris,Roger D. Harris,1,Venezuela Presidential Electi…
bap,Black Alliance for Peace,kuang,Savannah Kuang,1,Venezuela Presidential Electi…
bap,Black Alliance for Peace,tfa,Task Force on the Americas,1,Venezuela Presidential Electi…
bap,Black Alliance for Peace,pf,The People's Forum,1,Venezuela Presidential Electi…
bap,Black Alliance for Peace,uspc,US Peace Council,1,Venezuela Presidential Electi…
bap,Black Alliance for Peace,vsn,Venezuela Solidarity Network,1,Venezuela Presidential Electi…
bap,Black Alliance for Peace,camacaro,William Camacaro,1,Venezuela Presidential Electi…
bap,Black Alliance for Peace,souers,Wyatt Souers,1,Venezuela Presidential Electi…
codepink,CODEPINK,dsa,Democratic Socialists of America,1,Venezuela Presidential Electi…
codepink,CODEPINK,delossantos,Manolo de los Santos,1,Venezuela Presidential Electi…
codepink,CODEPINK,nunez,Marlon Matthew Nunez,1,Venezuela Presidential Electi…
codepink,CODEPINK,nlg,National Lawyers Guild,1,Venezuela Presidential Electi…
codepink,CODEPINK,psl,Party for Socialism & Liberation,1,Venezuela Presidential Electi…
codepink,CODEPINK,harris,Roger D. Harris,1,Venezuela Presidential Electi…
codepink,CODEPINK,kuang,Savannah Kuang,1,Venezuela Presidential Electi…
codepink,CODEPINK,tfa,Task Force on the Americas,1,Venezuela Presidential Electi…
codepink,CODEPINK,pf,The People's Forum,1,Venezuela Presidential Electi…
codepink,CODEPINK,uspc,US Peace Council,1,Venezuela Presidential Electi…
codepink,CODEPINK,vsn,Venezuela Solidarity Network,1,Venezuela Presidential Electi…
codepink,CODEPINK,souers,Wyatt Souers,1,Venezuela Presidential Electi…
delacruz,Claudia De la Cruz,ipa,International Peoples' Assembly,1,IPA Founding Assembly (Caraca…
delacruz,Claudia De la Cruz,maduro,Nicolás Maduro,1,IPA Founding Assembly (Caraca…
ortega,Daniel Ortega,valente,Mónica Valente,1,Maduro 3rd Inauguration (Jan …
dpaul,David Paul,ipa,International Peoples' Assembly,1,International Anti-Fascist Fe…
dpaul,David Paul,maduro,Nicolás Maduro,1,International Anti-Fascist Fe…
dpaul,David Paul,psl,Party for Socialism & Liberation,1,International Anti-Fascist Fe…
dpaul,David Paul,harris,Roger D. Harris,1,International Anti-Fascist Fe…
dpaul,David Paul,tfa,Task Force on the Americas,1,International Anti-Fascist Fe…
dpaul,David Paul,uspc,US Peace Council,1,International Anti-Fascist Fe…
dsa,Democratic Socialists of America,nunez,Marlon Matthew Nunez,1,Venezuela Presidential Electi…
dsa,Democratic Socialists of America,nlg,National Lawyers Guild,1,Venezuela Presidential Electi…
dsa,Democratic Socialists of America,psl,Party for Socialism & Liberation,1,Venezuela Presidential Electi…
dsa,Democratic Socialists of America,harris,Roger D. Harris,1,Venezuela Presidential Electi…
dsa,Democratic Socialists of America,kuang,Savannah Kuang,1,Venezuela Presidential Electi…
dsa,Democratic Socialists of America,tfa,Task Force on the Americas,1,Venezuela Presidential Electi…
dsa,Democratic Socialists of America,pf,The People's Forum,1,Venezuela Presidential Electi…
dsa,Democratic Socialists of America,uspc,US Peace Council,1,Venezuela Presidential Electi…
dsa,Democratic Socialists of America,vsn,Venezuela Solidarity Network,1,Venezuela Presidential Electi…
dsa,Democratic Socialists of America,souers,Wyatt Souers,1,Venezuela Presidential Electi…
fsp,Foro de São Paulo,maduro,Nicolás Maduro,1,25th Foro de São Paulo (Carac…
frso,Freedom Road Socialist Organization,fsp,Foro de São Paulo,1,25th Foro de São Paulo (Carac…
frso,Freedom Road Socialist Organization,maduro,Nicolás Maduro,1,25th Foro de São Paulo (Carac…
ipa,International Peoples' Assembly,psl,Party for Socialism & Liberation,1,International Anti-Fascist Fe…
ipa,International Peoples' Assembly,tfa,Task Force on the Americas,1,International Anti-Fascist Fe…
ipa,International Peoples' Assembly,uspc,US Peace Council,1,International Anti-Fascist Fe…
clarkgollub,Jill Clark-Gollub,codepink,CODEPINK,1,Venezuela Presidential Electi…
clarkgollub,Jill Clark-Gollub,dpaul,David Paul,1,International Anti-Fascist Fe…
clarkgollub,Jill Clark-Gollub,dsa,Democratic Socialists of America,1,Venezuela Presidential Electi…
clarkgollub,Jill Clark-Gollub,ipa,International Peoples' Assembly,1,International Anti-Fascist Fe…
clarkgollub,Jill Clark-Gollub,delossantos,Manolo de los Santos,1,Venezuela Presidential Electi…
clarkgollub,Jill Clark-Gollub,nunez,Marlon Matthew Nunez,1,Venezuela Presidential Electi…
clarkgollub,Jill Clark-Gollub,nlg,National Lawyers Guild,1,Venezuela Presidential Electi…
clarkgollub,Jill Clark-Gollub,maduro,Nicolás Maduro,1,International Anti-Fascist Fe…
clarkgollub,Jill Clark-Gollub,kuang,Savannah Kuang,1,Venezuela Presidential Electi…
clarkgollub,Jill Clark-Gollub,pf,The People's Forum,1,Venezuela Presidential Electi…
clarkgollub,Jill Clark-Gollub,vsn,Venezuela Solidarity Network,1,Venezuela Presidential Electi…
clarkgollub,Jill Clark-Gollub,souers,Wyatt Souers,1,Venezuela Presidential Electi…
delossantos,Manolo de los Santos,dsa,Democratic Socialists of America,1,Venezuela Presidential Electi…
delossantos,Manolo de los Santos,nunez,Marlon Matthew Nunez,1,Venezuela Presidential Electi…
delossantos,Manolo de los Santos,nlg,National Lawyers Guild,1,Venezuela Presidential Electi…
delossantos,Manolo de los Santos,psl,Party for Socialism & Liberation,1,Venezuela Presidential Electi…
delossantos,Manolo de los Santos,harris,Roger D. Harris,1,Venezuela Presidential Electi…
delossantos,Manolo de los Santos,kuang,Savannah Kuang,1,Venezuela Presidential Electi…
delossantos,Manolo de los Santos,tfa,Task Force on the Americas,1,Venezuela Presidential Electi…
delossantos,Manolo de los Santos,pf,The People's Forum,1,Venezuela Presidential Electi…
delossantos,Manolo de los Santos,uspc,US Peace Council,1,Venezuela Presidential Electi…
delossantos,Manolo de los Santos,vsn,Venezuela Solidarity Network,1,Venezuela Presidential Electi…
delossantos,Manolo de los Santos,souers,Wyatt Souers,1,Venezuela Presidential Electi…
nunez,Marlon Matthew Nunez,psl,Party for Socialism & Liberation,1,Venezuela Presidential Electi…
nunez,Marlon Matthew Nunez,tfa,Task Force on the Americas,1,Venezuela Presidential Electi…
nunez,Marlon Matthew Nunez,pf,The People's Forum,1,Venezuela Presidential Electi…
nunez,Marlon Matthew Nunez,uspc,US Peace Council,1,Venezuela Presidential Electi…
nunez,Marlon Matthew Nunez,vsn,Venezuela Solidarity Network,1,Venezuela Presidential Electi…
nunez,Marlon Matthew Nunez,souers,Wyatt Souers,1,Venezuela Presidential Electi…
nlg,National Lawyers Guild,nunez,Marlon Matthew Nunez,1,Venezuela Presidential Electi…
nlg,National Lawyers Guild,psl,Party for Socialism & Liberation,1,Venezuela Presidential Electi…
nlg,National Lawyers Guild,tfa,Task Force on the Americas,1,Venezuela Presidential Electi…
nlg,National Lawyers Guild,pf,The People's Forum,1,Venezuela Presidential Electi…
nlg,National Lawyers Guild,uspc,US Peace Council,1,Venezuela Presidential Electi…
nlg,National Lawyers Guild,vsn,Venezuela Solidarity Network,1,Venezuela Presidential Electi…
nlg,National Lawyers Guild,souers,Wyatt Souers,1,Venezuela Presidential Electi…
maduro,Nicolás Maduro,ortega,Daniel Ortega,1,Maduro 3rd Inauguration (Jan …
maduro,Nicolás Maduro,valente,Mónica Valente,1,Maduro 3rd Inauguration (Jan …
maduro,Nicolás Maduro,psl,Party for Socialism & Liberation,1,International Anti-Fascist Fe…
maduro,Nicolás Maduro,tfa,Task Force on the Americas,1,International Anti-Fascist Fe…
maduro,Nicolás Maduro,uspc,US Peace Council,1,International Anti-Fascist Fe…
psl,Party for Socialism & Liberation,vsn,Venezuela Solidarity Network,1,Venezuela Presidential Electi…
psl,Party for Socialism & Liberation,wfdy,World Federation of Democratic Youth,1,16th World Festival of Youth …
psl,Party for Socialism & Liberation,souers,Wyatt Souers,1,Venezuela Presidential Electi…
harris,Roger D. Harris,ipa,International Peoples' Assembly,1,International Anti-Fascist Fe…
harris,Roger D. Harris,nunez,Marlon Matthew Nunez,1,Venezuela Presidential Electi…
harris,Roger D. Harris,nlg,National Lawyers Guild,1,Venezuela Presidential Electi…
harris,Roger D. Harris,maduro,Nicolás Maduro,1,International Anti-Fascist Fe…
harris,Roger D. Harris,kuang,Savannah Kuang,1,Venezuela Presidential Electi…
harris,Roger D. Harris,pf,The People's Forum,1,Venezuela Presidential Electi…
harris,Roger D. Harris,vsn,Venezuela Solidarity Network,1,Venezuela Presidential Electi…
harris,Roger D. Harris,souers,Wyatt Souers,1,Venezuela Presidential Electi…
kuang,Savannah Kuang,nunez,Marlon Matthew Nunez,1,Venezuela Presidential Electi…
kuang,Savannah Kuang,nlg,National Lawyers Guild,1,Venezuela Presidential Electi…
kuang,Savannah Kuang,psl,Party for Socialism & Liberation,1,Venezuela Presidential Electi…
kuang,Savannah Kuang,tfa,Task Force on the Americas,1,Venezuela Presidential Electi…
kuang,Savannah Kuang,pf,The People's Forum,1,Venezuela Presidential Electi…
kuang,Savannah Kuang,uspc,US Peace Council,1,Venezuela Presidential Electi…
kuang,Savannah Kuang,vsn,Venezuela Solidarity Network,1,Venezuela Presidential Electi…
kuang,Savannah Kuang,souers,Wyatt Souers,1,Venezuela Presidential Electi…
tfa,Task Force on the Americas,vsn,Venezuela Solidarity Network,1,Venezuela Presidential Electi…
pf,The People's Forum,psl,Party for Socialism & Liberation,1,Venezuela Presidential Electi…
pf,The People's Forum,tfa,Task Force on the Americas,1,Venezuela Presidential Electi…
pf,The People's Forum,uspc,US Peace Council,1,Venezuela Presidential Electi…
pf,The People's Forum,vsn,Venezuela Solidarity Network,1,Venezuela Presidential Electi…
pf,The People's Forum,souers,Wyatt Souers,1,Venezuela Presidential Electi…
burke,Tom Burke,fsp,Foro de São Paulo,1,25th Foro de São Paulo (Carac…
burke,Tom Burke,frso,Freedom Road Socialist Organization,1,25th Foro de São Paulo (Carac…
burke,Tom Burke,maduro,Nicolás Maduro,1,25th Foro de São Paulo (Carac…
uspc,US Peace Council,vsn,Venezuela Solidarity Network,1,Venezuela Presidential Electi…
camacaro,William Camacaro,codepink,CODEPINK,1,Venezuela Presidential Electi…
camacaro,William Camacaro,dsa,Democratic Socialists of America,1,Venezuela Presidential Electi…
camacaro,William Camacaro,clarkgollub,Jill Clark-Gollub,1,Venezuela Presidential Electi…
camacaro,William Camacaro,delossantos,Manolo de los Santos,1,Venezuela Presidential Electi…
camacaro,William Camacaro,nunez,Marlon Matthew Nunez,1,Venezuela Presidential Electi…
camacaro,William Camacaro,nlg,National Lawyers Guild,1,Venezuela Presidential Electi…
camacaro,William Camacaro,psl,Party for Socialism & Liberation,1,Venezuela Presidential Electi…
camacaro,William Camacaro,harris,Roger D. Harris,1,Venezuela Presidential Electi…
camacaro,William Camacaro,kuang,Savannah Kuang,1,Venezuela Presidential Electi…
camacaro,William Camacaro,tfa,Task Force on the Americas,1,Venezuela Presidential Electi…
camacaro,William Camacaro,pf,The People's Forum,1,Venezuela Presidential Electi…
camacaro,William Camacaro,uspc,US Peace Council,1,Venezuela Presidential Electi…
camacaro,William Camacaro,vsn,Venezuela Solidarity Network,1,Venezuela Presidential Electi…
camacaro,William Camacaro,souers,Wyatt Souers,1,Venezuela Presidential Electi…
souers,Wyatt Souers,tfa,Task Force on the Americas,1,Venezuela Presidential Electi…
souers,Wyatt Souers,uspc,US Peace Council,1,Venezuela Presidential Electi…
souers,Wyatt Souers,vsn,Venezuela Solidarity Network,1,Venezuela Presidential Electi…
