participant,label,kind,events,which
maduro,Nicolás Maduro,person,5,International Anti-Fascist Festiv…; Antifascist Congress of Caracas (…; 25th Foro de São Paulo (Caracas 2…; IPA Founding Assembly (Caracas Fe…; Maduro 3rd Inauguration (Jan 10 2…
afgj,Alliance for Global Justice,org,3,AFGJ Intl Delegation to Nicaragua…; Nicaragua General Election (Nov 2…; Venezuela Presidential Election (…
psl,Party for Socialism & Liberation,org,3,International Anti-Fascist Festiv…; Venezuela Presidential Election (…; 16th World Festival of Youth & St…
answer,ANSWER Coalition,org,2,AFGJ Intl Delegation to Nicaragua…; Venezuela Presidential Election (…
bap,Black Alliance for Peace,org,2,AFGJ Intl Delegation to Nicaragua…; Venezuela Presidential Election (…
ortega,Daniel Ortega,person,2,Maduro 3rd Inauguration (Jan 10 2…; Nicaragua General Election (Nov 2…
ipa,International Peoples' Assembly,concept,2,International Anti-Fascist Festiv…; IPA Founding Assembly (Caracas Fe…
clarkgollub,Jill Clark-Gollub,person,2,International Anti-Fascist Festiv…; Venezuela Presidential Election (…
harris,Roger D. Harris,person,2,International Anti-Fascist Festiv…; Venezuela Presidential Election (…
tfa,Task Force on the Americas,org,2,International Anti-Fascist Festiv…; Venezuela Presidential Election (…
uspc,US Peace Council,org,2,International Anti-Fascist Festiv…; Venezuela Presidential Election (…
