edge_idx,funder,funder_label,recipient,recipient_label,relation,confidence,slices,label,headline_usd,headline_fmt,all_amounts,flags,compiler_caveat,url
652,rub_thousand_currents,Thousand Currents,rub_black_lives_matter_global,Black Lives Matter Global Network Foundation,fiscal_sponsor,confirmed,rubio-cuba,"$69.2M as BLM's fiscal sponsor — TIER B, context-only, NEVER a Cuba total",69200000.0,$69.20M,$69.2M,cumulative,TIER B,https://blog.charitywatch.org/legal-battle-ensues-over-control-of-black-lives-matter-global-network-foundation-funds/
130,alvin_benjamin,Alvin Benjamin (1920-2012),arc_of_justice,"Arc of Justice (fka Benjamin Fund, Inc.)",funds,confirmed,iran-network,$23.8M via estate: FY15 $15M + FY19 $8.8M (990-PF),23800000.0,$23.80M,$23.8M; $15M; $8.8M,,,https://projects.propublica.org/nonprofits/organizations/841618483
318,jef,Justice and Education Fund (JEF),pf,The People's Forum,funds,confirmed,singham-spine,>$20M 2017-2022,20000000.0,$20.00M,>$20M,lower_bound,,https://waysandmeans.house.gov/2025/09/04/chairman-smith-exposes-u-s-nonprofit-as-likely-ccp-funded-propaganda-arm-operating-under-tax-exempt-status/
562,rls_berlin,Rosa-Luxemburg-Stiftung e.V. (Berlin),rls_nyc,Rosa Luxemburg Stiftung Inc (RLS-NYC),funds,confirmed,rls-germany,~$19.1M cumulative 2012-2025 (all 'contributions'),19100000.0,$19.10M,~$19.1M,cumulative|estimate,,https://projects.propublica.org/nonprofits/organizations/453658022
570,rose_benjamin,Rose Benjamin,arc_of_justice,"Arc of Justice (fka Benjamin Fund, Inc.)",funds,confirmed,iran-network,"$10,863,060 estate distribution, FY2010 (990-PF)",10863060.0,$10.86M,"$10,863,060",,,https://projects.propublica.org/nonprofits/organizations/841618483
547,psf,People's Support Foundation (PSF),jef,Justice and Education Fund (JEF),grant,confirmed,iran-network,$5.37M (2024) (990),5370000.0,$5.37M,$5.37M,,,https://projects.propublica.org/nonprofits/organizations/821202926
689,ucf,United Community Fund,pf,The People's Forum,funds,confirmed,rls-germany,$3.015M (2019),3015000.0,$3.02M,$3.015M,,,https://www.influencewatch.org/non-profit/the-peoples-forum/
141,arc_of_justice,"Arc of Justice (fka Benjamin Fund, Inc.)",grassroots_intl,Grassroots International,grant,confirmed,iran-network,$1.46M cumulative FY2017-2022 (990-PF Sched I),1460000.0,$1.46M,$1.46M,cumulative,,https://projects.propublica.org/nonprofits/organizations/841618483
164,benjamin,Medea Benjamin,arc_of_justice,"Arc of Justice (fka Benjamin Fund, Inc.)",funds,confirmed,iran-network,"$1,000,000 personal gift, FY2022 (990-PF Sched B)",1000000.0,$1.00M,"$1,000,000",,,https://projects.propublica.org/nonprofits/organizations/841618483
143,arc_of_justice,"Arc of Justice (fka Benjamin Fund, Inc.)",social_good_fund,Social Good Fund,grant,confirmed,iran-network,$855K cumulative FY2018-2022 (990-PF Sched I),855000.0,$855K,$855K,cumulative,,https://projects.propublica.org/nonprofits/organizations/841618483
140,arc_of_justice,"Arc of Justice (fka Benjamin Fund, Inc.)",global_exchange,Global Exchange,grant,confirmed,iran-network,"Largest grantee historically, $60K-$405K/yr pre-2015",405000.0,$405K,$60K; $405K,per_year|range,,https://projects.propublica.org/nonprofits/organizations/841618483
138,arc_of_justice,"Arc of Justice (fka Benjamin Fund, Inc.)",ccr,Center for Constitutional Rights,grant,confirmed,iran-network,"$400,000 cumulative: $200,000 FY2020 + $200,000 FY2022 (990-PF Schedule I)",400000.0,$400K,"$400,000; $200,000; $200,000",cumulative,,https://projects.propublica.org/nonprofits/organizations/841618483
317,jef,Justice and Education Fund (JEF),codepink,CODEPINK,grant,confirmed,iran-network,"$250,856(2021)+$109,735(2022)=$360,591 (990)",360591.0,$361K,"$250,856; $109,735; $360,591",cumulative,,https://projects.propublica.org/nonprofits/organizations/824975378
137,arc_of_justice,"Arc of Justice (fka Benjamin Fund, Inc.)",afgj,Alliance for Global Justice,grant,confirmed,iran-network,"$118,050 cumulative FY2015-2022 (990-PF Sched I)",118050.0,$118K,"$118,050",cumulative,,https://projects.propublica.org/nonprofits/organizations/841618483
602,rub_ifco_pastors_for_peace,IFCO / Pastors for Peace,rub_claudia_jones_school,Claudia Jones School,fiscal_sponsor,inferred,rubio-cuba,"fiscal sponsor ($11,068 disbursed 2024)",11068.0,$11K,"$11,068",,,https://claudiajonesschool.org/
316,jef,Justice and Education Fund (JEF),afgj,Alliance for Global Justice,grant,confirmed,iran-network,"$10,000 (2022) (990)",10000.0,$10K,"$10,000",,,https://projects.propublica.org/nonprofits/organizations/824975378
563,rls_nyc,Rosa Luxemburg Stiftung Inc (RLS-NYC),dsa,Democratic Socialists of America,funds,confirmed,rls-germany,"$118 formal grant FY2025 + program funding (Afrosocialists, DS101)",118.0,$118,$118,,,https://www.grantmakers.io/profiles/v0/453658022-rosa-luxemburg-stiftung-inc/
5,afgj,Alliance for Global Justice,hatuey,The Hatuey Project,fiscal_sponsor,confirmed,hatuey,fiscal sponsor (International Solidarity),,,,,,https://web.archive.org/web/20250214122517/https://afgj.org/sponsored-projects/fiscally-sponsored-projects/fiscally-sponsored-projects
7,afgj,Alliance for Global Justice,p_411_collective,411 Collective,fiscal_sponsor,confirmed,afgj-projects,fiscal sponsor (Art),,,,,,https://www.411collective.com/
8,afgj,Alliance for Global Justice,p_action_bail_fund,Action Bail Fund,fiscal_sponsor,confirmed,afgj-projects,fiscal sponsor (Bail),,,,,,https://afgj.salsalabs.org/actionbailfund/index.html
9,afgj,Alliance for Global Justice,p_adastra,AdAstra,fiscal_sponsor,confirmed,afgj-interlock|afgj-projects,fiscal sponsor (Administrative),,,,,,https://adastra.management/about
10,afgj,Alliance for Global Justice,p_african_awareness_association,African Awareness Association,fiscal_sponsor,confirmed,afgj-projects,fiscal sponsor (Travel),,,,,,https://web.archive.org/web/20250118162817/https://www.aaa-cubatours.com/
11,afgj,Alliance for Global Justice,p_alianza_ind_gena_sin_fronteras_indigen,Alianza Indígena Sin Fronteras / Indigenous Alliance Without Borders,fiscal_sponsor,confirmed,afgj-interlock|afgj-projects,fiscal sponsor (Immigration),,,,,,https://ushrnetwork.org/news/120/100/Indigenous-Alliance-Without-Borders-Releases-Handbook-on-Indigenous-Peoples-Border-Crossing-Rights
12,afgj,Alliance for Global Justice,p_amigos_de_la_playa,Amigos de la Playa,fiscal_sponsor,confirmed,afgj-projects,fiscal sponsor (Environmental),,,,,,https://www.facebook.com/AmigosDeLaPlayaOmetepe#
13,afgj,Alliance for Global Justice,p_arizona_educators_united,Arizona Educators United,fiscal_sponsor,confirmed,afgj-projects,fiscal sponsor (Education),,,,,,https://psuaaup.net/blog/entry/inspired-by-west-virginia-teachers-spread-red-for-ed-movement-across-arizona
14,afgj,Alliance for Global Justice,p_arizona_palestine_solidarity_alliance,Arizona Palestine Solidarity Alliance,fiscal_sponsor,confirmed,afgj-interlock|afgj-projects,fiscal sponsor (Collective),,,,,,https://www.arizonapalestine.org/about.html
15,afgj,Alliance for Global Justice,p_asotrecol,ASOTRECOL,fiscal_sponsor,confirmed,afgj-projects,fiscal sponsor (Union),,,,,,https://www.dol.gov/newsroom/releases/ilab/ilab20120824
16,afgj,Alliance for Global Justice,p_assata_s_daughters,Assata’s Daughters,fiscal_sponsor,confirmed,afgj-interlock|afgj-projects,fiscal sponsor (Training),,,,,,https://www.assatasdaughters.org/homie
17,afgj,Alliance for Global Justice,p_az_jobs_with_justice,AZ Jobs with Justice,fiscal_sponsor,confirmed,afgj-projects,fiscal sponsor (Union),,,,,,https://www.jwj.org/
18,afgj,Alliance for Global Justice,p_beef_relief,Beef Relief,fiscal_sponsor,confirmed,afgj-projects,fiscal sponsor (Food Bank),,,,,,http://beefrelief.org/
19,afgj,Alliance for Global Justice,p_black_and_pink_ma,Black and Pink MA,fiscal_sponsor,confirmed,afgj-interlock|afgj-projects,fiscal sponsor (Activism),,,,,,https://www.influencewatch.org/organization/black-and-pink-ma/
20,afgj,Alliance for Global Justice,p_black_lives_matter_oklahoma_city,Black Lives Matter-Oklahoma City,fiscal_sponsor,confirmed,afgj-interlock|afgj-projects,fiscal sponsor (Activism),,,,,,https://www.blmokc.com/
21,afgj,Alliance for Global Justice,p_black_lives_matter_tucson,Black Lives Matter Tucson,fiscal_sponsor,confirmed,afgj-projects,fiscal sponsor (Activism),,,,,,https://web.archive.org/web/20250214122517/https://afgj.org/sponsored-projects/fiscally-sponsored-projects/fiscally-sponsored-projects
22,afgj,Alliance for Global Justice,p_black_movement_law_project,Black Movement Law Project,fiscal_sponsor,confirmed,afgj-interlock|afgj-projects,fiscal sponsor (Legal),,,,,,https://www.influencewatch.org/organization/black-movement-law-project/
23,afgj,Alliance for Global Justice,p_black_trans_media,Black Trans Media,fiscal_sponsor,confirmed,afgj-projects,fiscal sponsor (Art),,,,,,https://www.influencewatch.org/non-profit/black-trans-media/
24,afgj,Alliance for Global Justice,p_black_trans_travel_fund,Black Trans Travel Fund,fiscal_sponsor,confirmed,afgj-interlock|afgj-projects,fiscal sponsor (Travel),,,,,,https://www.blacktranstravelfund.com/
25,afgj,Alliance for Global Justice,p_bukit_bail_fund_of_pittsburgh,Bukit Bail Fund of Pittsburgh,fiscal_sponsor,confirmed,afgj-projects,fiscal sponsor (Bail),,,,,,https://web.archive.org/web/20250214122517/https://afgj.org/sponsored-projects/fiscally-sponsored-projects/fiscally-sponsored-projects
26,afgj,Alliance for Global Justice,p_bv_solidarity_project,BV Solidarity Project,fiscal_sponsor,confirmed,afgj-projects,fiscal sponsor (Activism),,,,,,https://web.archive.org/web/20250214122517/https://afgj.org/sponsored-projects/fiscally-sponsored-projects/fiscally-sponsored-projects
27,afgj,Alliance for Global Justice,p_camino_com_n,Camino Común,fiscal_sponsor,confirmed,afgj-projects,fiscal sponsor,,,,,,https://afgj.org/a-visit-inside-colombias-most-notorious-prison-la-tramacua
28,afgj,Alliance for Global Justice,p_central_ohio_freedom_fund,Central Ohio Freedom Fund,fiscal_sponsor,confirmed,afgj-projects,fiscal sponsor (Bail),,,,,,https://www.facebook.com/COFF614/
29,afgj,Alliance for Global Justice,p_centro_de_derechos_humanos_del_pac_fic,Centro de Derechos Humanos del Pacífico (Centro Pazífico),fiscal_sponsor,confirmed,afgj-projects,fiscal sponsor,,,,,,https://afgj.org/death-squad-threatens-wayuu-womens-force-in-la-guajira-colombia
30,afgj,Alliance for Global Justice,p_centro_solidario_de_puerto_rico,Centro Solidario de Puerto Rico,fiscal_sponsor,confirmed,afgj-projects,fiscal sponsor (Collective),,,,,,https://web.archive.org/web/20250214122517/https://afgj.org/sponsored-projects/fiscally-sponsored-projects/fiscally-sponsored-projects
31,afgj,Alliance for Global Justice,p_change_links_newspaper,Change-Links Newspaper,fiscal_sponsor,confirmed,afgj-interlock|afgj-projects,fiscal sponsor (Media),,,,,,https://web.archive.org/web/20250214122517/https://afgj.org/sponsored-projects/fiscally-sponsored-projects/fiscally-sponsored-projects
32,afgj,Alliance for Global Justice,p_chicago_housing_initiative,Chicago Housing Initiative,fiscal_sponsor,confirmed,afgj-interlock|afgj-projects,fiscal sponsor (Housing),,,,,,https://web.archive.org/web/20250214122517/https://afgj.org/sponsored-projects/fiscally-sponsored-projects/fiscally-sponsored-projects
33,afgj,Alliance for Global Justice,p_chicago_housing_justice_league,Chicago Housing Justice League,fiscal_sponsor,confirmed,afgj-interlock|afgj-projects,fiscal sponsor (Housing),,,,,,https://web.archive.org/web/20250214122517/https://afgj.org/sponsored-projects/fiscally-sponsored-projects/fiscally-sponsored-projects
34,afgj,Alliance for Global Justice,p_chico_mendes_reforestation_project,Chico Mendes Reforestation Project,fiscal_sponsor,confirmed,afgj-projects,fiscal sponsor (Environmental),,,,,,https://web.archive.org/web/20250214122517/https://afgj.org/sponsored-projects/fiscally-sponsored-projects/fiscally-sponsored-projects
35,afgj,Alliance for Global Justice,p_cindy_sheehan_s_soapbox,Cindy Sheehan’s Soapbox,fiscal_sponsor,confirmed,afgj-interlock|afgj-projects,fiscal sponsor (Media/Activism),,,,,,https://web.archive.org/web/20250214122517/https://afgj.org/sponsored-projects/fiscally-sponsored-projects/fiscally-sponsored-projects
36,afgj,Alliance for Global Justice,p_clean_up_the_mines,Clean up the Mines,fiscal_sponsor,confirmed,afgj-projects,fiscal sponsor (Environmental),,,,,,https://web.archive.org/web/20250214122517/https://afgj.org/sponsored-projects/fiscally-sponsored-projects/fiscally-sponsored-projects
37,afgj,Alliance for Global Justice,p_coalition_of_women_for_peace,Coalition of Women for Peace,fiscal_sponsor,confirmed,afgj-interlock|afgj-projects,fiscal sponsor (Peace/Activism),,,,,,https://web.archive.org/web/20250214122517/https://afgj.org/sponsored-projects/fiscally-sponsored-projects/fiscally-sponsored-projects
38,afgj,Alliance for Global Justice,p_colorado_freedom_fund,Colorado Freedom Fund,fiscal_sponsor,confirmed,afgj-interlock|afgj-projects,fiscal sponsor (Bail),,,,,,https://web.archive.org/web/20250214122517/https://afgj.org/sponsored-projects/fiscally-sponsored-projects/fiscally-sponsored-projects
39,afgj,Alliance for Global Justice,p_community_action_relief_project,Community Action Relief Project,fiscal_sponsor,confirmed,afgj-projects,fiscal sponsor (Mutual Aid),,,,,,https://web.archive.org/web/20250214122517/https://afgj.org/sponsored-projects/fiscally-sponsored-projects/fiscally-sponsored-projects
40,afgj,Alliance for Global Justice,p_corporate_genome_project,Corporate Genome Project,fiscal_sponsor,confirmed,afgj-interlock|afgj-projects,fiscal sponsor (Research),,,,,,https://www.corporategenomeproject.org/
41,afgj,Alliance for Global Justice,p_creating_a_more_beloved_community_film,Creating a More Beloved Community Film & Discussion Series,fiscal_sponsor,confirmed,afgj-projects,fiscal sponsor (Education/Media),,,,,,https://web.archive.org/web/20250214122517/https://afgj.org/sponsored-projects/fiscally-sponsored-projects/fiscally-sponsored-projects
42,afgj,Alliance for Global Justice,p_denver_justice_project,Denver Justice Project,fiscal_sponsor,confirmed,afgj-projects,fiscal sponsor (Criminal Justice),,,,,,https://web.archive.org/web/20250214122517/https://afgj.org/sponsored-projects/fiscally-sponsored-projects/fiscally-sponsored-projects
43,afgj,Alliance for Global Justice,p_erie_bail_fund,Erie Bail Fund,fiscal_sponsor,confirmed,afgj-projects,fiscal sponsor (Bail),,,,,,https://web.archive.org/web/20250214122517/https://afgj.org/sponsored-projects/fiscally-sponsored-projects/fiscally-sponsored-projects
44,afgj,Alliance for Global Justice,p_eritye_papa_desalin,Eritye Papa Desalin,fiscal_sponsor,confirmed,afgj-projects,fiscal sponsor (Activism),,,,,,https://web.archive.org/web/20250214122517/https://afgj.org/sponsored-projects/fiscally-sponsored-projects/fiscally-sponsored-projects
45,afgj,Alliance for Global Justice,p_free_mumia_abu_jamal_coalition,Free Mumia Abu-Jamal Coalition,fiscal_sponsor,confirmed,afgj-projects,fiscal sponsor (Legal/Activism),,,,,,https://web.archive.org/web/20250214122517/https://afgj.org/sponsored-projects/fiscally-sponsored-projects/fiscally-sponsored-projects
46,afgj,Alliance for Global Justice,p_friends_of_asociaci_n_de_trabajadores_,Friends of Asociación de Trabajadores Campesinos,fiscal_sponsor,confirmed,afgj-interlock|afgj-projects,fiscal sponsor (Labor/Solidarity),,,,,,https://web.archive.org/web/20250214122517/https://afgj.org/sponsored-projects/fiscally-sponsored-projects/fiscally-sponsored-projects
47,afgj,Alliance for Global Justice,p_friends_of_gente_de_i_itoi_a_c,"Friends of Gente de I’itoi, A.C.",fiscal_sponsor,confirmed,afgj-projects,fiscal sponsor (Indigenous),,,,,,https://web.archive.org/web/20250214122517/https://afgj.org/sponsored-projects/fiscally-sponsored-projects/fiscally-sponsored-projects
48,afgj,Alliance for Global Justice,p_friends_of_mujeres_de_la_tierra,Friends of Mujeres de la Tierra,fiscal_sponsor,confirmed,afgj-projects,fiscal sponsor (Women/Environmental),,,,,,https://web.archive.org/web/20250214122517/https://afgj.org/sponsored-projects/fiscally-sponsored-projects/fiscally-sponsored-projects
49,afgj,Alliance for Global Justice,p_gno_interfaith_sanctuary_coalition,GNO Interfaith Sanctuary Coalition,fiscal_sponsor,confirmed,afgj-projects,fiscal sponsor (Immigration),,,,,,https://web.archive.org/web/20250214122517/https://afgj.org/sponsored-projects/fiscally-sponsored-projects/fiscally-sponsored-projects
50,afgj,Alliance for Global Justice,p_good_shepherd_collective,Good Shepherd Collective,fiscal_sponsor,confirmed,afgj-projects,fiscal sponsor (Immigration/Humanitarian),,,,,,https://web.archive.org/web/20250214122517/https://afgj.org/sponsored-projects/fiscally-sponsored-projects/fiscally-sponsored-projects
51,afgj,Alliance for Global Justice,p_hampshire_college_legal_support_fund,Hampshire College Legal Support Fund,fiscal_sponsor,confirmed,afgj-projects,fiscal sponsor (Legal),,,,,,https://web.archive.org/web/20250214122517/https://afgj.org/sponsored-projects/fiscally-sponsored-projects/fiscally-sponsored-projects
52,afgj,Alliance for Global Justice,p_hands_up_united,Hands Up United,fiscal_sponsor,confirmed,afgj-interlock|afgj-projects,fiscal sponsor (Activism),,,,,,https://web.archive.org/web/20250214122517/https://afgj.org/sponsored-projects/fiscally-sponsored-projects/fiscally-sponsored-projects
53,afgj,Alliance for Global Justice,p_honduras_solidarity_network,Honduras Solidarity Network,fiscal_sponsor,confirmed,afgj-projects,fiscal sponsor (International Solidarity),,,,,,https://web.archive.org/web/20250214122517/https://afgj.org/sponsored-projects/fiscally-sponsored-projects/fiscally-sponsored-projects
54,afgj,Alliance for Global Justice,p_human_rights_school,Human Rights School,fiscal_sponsor,confirmed,afgj-projects,fiscal sponsor (Education),,,,,,https://web.archive.org/web/20250214122517/https://afgj.org/sponsored-projects/fiscally-sponsored-projects/fiscally-sponsored-projects
55,afgj,Alliance for Global Justice,p_initiative_for_equality,Initiative for Equality,fiscal_sponsor,confirmed,afgj-projects,fiscal sponsor (Research/Advocacy),,,,,,https://web.archive.org/web/20250214122517/https://afgj.org/sponsored-projects/fiscally-sponsored-projects/fiscally-sponsored-projects
56,afgj,Alliance for Global Justice,p_instituto_agroecol_gico_latinoamerican,Instituto Agroecológico Latinoamericano–Mesoamericana (IALA Mesoamerica),fiscal_sponsor,confirmed,afgj-interlock|afgj-projects,fiscal sponsor (Agriculture/Education),,,,,,https://web.archive.org/web/20250214122517/https://afgj.org/sponsored-projects/fiscally-sponsored-projects/fiscally-sponsored-projects
57,afgj,Alliance for Global Justice,p_international_indigenous_initiative_fo,InterNational Indigenous Initiative for Transformative Collaboration,fiscal_sponsor,confirmed,afgj-projects,fiscal sponsor (Indigenous),,,,,,https://web.archive.org/web/20250214122517/https://afgj.org/sponsored-projects/fiscally-sponsored-projects/fiscally-sponsored-projects
58,afgj,Alliance for Global Justice,p_international_journal_of_foreign_langu,International Journal of Foreign Language Teaching,fiscal_sponsor,confirmed,afgj-projects,fiscal sponsor (Academic),,,,,,https://web.archive.org/web/20250214122517/https://afgj.org/sponsored-projects/fiscally-sponsored-projects/fiscally-sponsored-projects
59,afgj,Alliance for Global Justice,p_international_people_s_tribunal,International People’s Tribunal,fiscal_sponsor,confirmed,afgj-projects,fiscal sponsor (Legal/Advocacy),,,,,,https://sanctionstribunal.org
60,afgj,Alliance for Global Justice,p_interoccupy,InterOccupy,fiscal_sponsor,confirmed,afgj-interlock|afgj-projects,fiscal sponsor (Activism),,,,,,https://web.archive.org/web/20250214122517/https://afgj.org/sponsored-projects/fiscally-sponsored-projects/fiscally-sponsored-projects
61,afgj,Alliance for Global Justice,p_irish_diaspora_decolonization_alliance,Irish Diaspora Decolonization Alliance,fiscal_sponsor,confirmed,afgj-projects,fiscal sponsor (Activism),,,,,,https://web.archive.org/web/20250214122517/https://afgj.org/sponsored-projects/fiscally-sponsored-projects/fiscally-sponsored-projects
62,afgj,Alliance for Global Justice,p_just_info,Just Info,fiscal_sponsor,confirmed,afgj-interlock|afgj-projects,fiscal sponsor (Legal),,,,,,https://web.archive.org/web/20250214122517/https://afgj.org/sponsored-projects/fiscally-sponsored-projects/fiscally-sponsored-projects
63,afgj,Alliance for Global Justice,p_justice_for_all_coalition,Justice for All Coalition,fiscal_sponsor,confirmed,afgj-interlock|afgj-projects,fiscal sponsor (Activism),,,,,,https://web.archive.org/web/20250214122517/https://afgj.org/sponsored-projects/fiscally-sponsored-projects/fiscally-sponsored-projects
64,afgj,Alliance for Global Justice,p_juthour_arboretum,Juthour Arboretum,fiscal_sponsor,confirmed,afgj-projects,fiscal sponsor (Environmental/Cultural),,,,,,https://web.archive.org/web/20250214122517/https://afgj.org/sponsored-projects/fiscally-sponsored-projects/fiscally-sponsored-projects
65,afgj,Alliance for Global Justice,p_kevin_zeese_emerging_activists_fund,Kevin Zeese Emerging Activists Fund,fiscal_sponsor,confirmed,afgj-interlock|afgj-projects,fiscal sponsor (Funding),,,,,,https://web.archive.org/web/20250214122517/https://afgj.org/sponsored-projects/fiscally-sponsored-projects/fiscally-sponsored-projects
66,afgj,Alliance for Global Justice,p_kindred_connections,Kindred Connections,fiscal_sponsor,confirmed,afgj-interlock|afgj-projects,fiscal sponsor (LGBTQ),,,,,,https://web.archive.org/web/20250214122517/https://afgj.org/sponsored-projects/fiscally-sponsored-projects/fiscally-sponsored-projects
67,afgj,Alliance for Global Justice,p_la_colectiva,La ColectiVA,fiscal_sponsor,confirmed,afgj-projects,fiscal sponsor (Immigration),,,,,,https://web.archive.org/web/20250214122517/https://afgj.org/sponsored-projects/fiscally-sponsored-projects/fiscally-sponsored-projects
68,afgj,Alliance for Global Justice,p_labor_against_racism_and_war,Labor Against Racism and War,fiscal_sponsor,confirmed,afgj-projects,fiscal sponsor (Labor/Activism),,,,,,https://web.archive.org/web/20250214122517/https://afgj.org/sponsored-projects/fiscally-sponsored-projects/fiscally-sponsored-projects
69,afgj,Alliance for Global Justice,p_lancaster_bail_fund,Lancaster Bail Fund,fiscal_sponsor,confirmed,afgj-projects,fiscal sponsor (Bail),,,,,,https://web.archive.org/web/20250214122517/https://afgj.org/sponsored-projects/fiscally-sponsored-projects/fiscally-sponsored-projects
70,afgj,Alliance for Global Justice,p_legal_defense_for_palestine,Legal Defense for Palestine,fiscal_sponsor,confirmed,afgj-projects,fiscal sponsor (Legal),,,,,,https://web.archive.org/web/20250214122517/https://afgj.org/sponsored-projects/fiscally-sponsored-projects/fiscally-sponsored-projects
71,afgj,Alliance for Global Justice,p_lgbt_freedom_and_asylum_network,LGBT Freedom and Asylum Network,fiscal_sponsor,confirmed,afgj-projects,fiscal sponsor (Immigration/LGBTQ),,,,,,https://web.archive.org/web/20250214122517/https://afgj.org/sponsored-projects/fiscally-sponsored-projects/fiscally-sponsored-projects
72,afgj,Alliance for Global Justice,p_lgbt_voice_tanzania,LGBT Voice Tanzania,fiscal_sponsor,confirmed,afgj-projects,fiscal sponsor (LGBTQ),,,,,,https://web.archive.org/web/20250214122517/https://afgj.org/sponsored-projects/fiscally-sponsored-projects/fiscally-sponsored-projects
73,afgj,Alliance for Global Justice,p_lo_eterno_media_collective,Lo Eterno Media Collective,fiscal_sponsor,confirmed,afgj-projects,fiscal sponsor (Media/Arts),,,,,,https://web.archive.org/web/20250214122517/https://afgj.org/sponsored-projects/fiscally-sponsored-projects/fiscally-sponsored-projects
74,afgj,Alliance for Global Justice,p_los_angeles_community_action_network,Los Angeles Community Action Network,fiscal_sponsor,confirmed,afgj-interlock|afgj-projects,fiscal sponsor (Protest Organization),,,,,,https://keywiki.org/Lee_Siu_Hin
75,afgj,Alliance for Global Justice,p_lupinewood,Lupinewood,fiscal_sponsor,confirmed,afgj-projects,fiscal sponsor (Environmental/Community),,,,,,https://web.archive.org/web/20250214122517/https://afgj.org/sponsored-projects/fiscally-sponsored-projects/fiscally-sponsored-projects
76,afgj,Alliance for Global Justice,p_march_4_racial_justice,March 4 Racial Justice,fiscal_sponsor,confirmed,afgj-interlock|afgj-projects,fiscal sponsor (Activism),,,,,,https://web.archive.org/web/20250214122517/https://afgj.org/sponsored-projects/fiscally-sponsored-projects/fiscally-sponsored-projects
77,afgj,Alliance for Global Justice,p_march_4_racial_justice_ny,March 4 Racial Justice NY,fiscal_sponsor,confirmed,afgj-projects,fiscal sponsor (Activism),,,,,,https://web.archive.org/web/20250214122517/https://afgj.org/sponsored-projects/fiscally-sponsored-projects/fiscally-sponsored-projects
78,afgj,Alliance for Global Justice,p_miracle_for_mikeals_legacy_foundation,Miracle For Mikeals Legacy Foundation,fiscal_sponsor,confirmed,afgj-projects,fiscal sponsor (Health/Charity),,,,,,https://www.facebook.com/MikealsMiracleDIPGCure
79,afgj,Alliance for Global Justice,p_mosaic_black_trans_funding_network,Mosaic Black Trans Funding Network,fiscal_sponsor,confirmed,afgj-projects,fiscal sponsor (LGBTQ/Funding),,,,,,https://web.archive.org/web/20250214122517/https://afgj.org/sponsored-projects/fiscally-sponsored-projects/fiscally-sponsored-projects
80,afgj,Alliance for Global Justice,p_movement_net_lab,Movement Net Lab,fiscal_sponsor,confirmed,afgj-interlock|afgj-projects,fiscal sponsor (Research/Technology),,,,,,https://web.archive.org/web/20250214122517/https://afgj.org/sponsored-projects/fiscally-sponsored-projects/fiscally-sponsored-projects
81,afgj,Alliance for Global Justice,p_nappy_roots_books,Nappy Roots Books,fiscal_sponsor,confirmed,afgj-interlock|afgj-projects,fiscal sponsor (Education/Publishing),,,,,,https://web.archive.org/web/20250214122517/https://afgj.org/sponsored-projects/fiscally-sponsored-projects/fiscally-sponsored-projects
82,afgj,Alliance for Global Justice,p_national_association_of_human_rights_d,National Association of Human Rights Defenders,fiscal_sponsor,confirmed,afgj-projects,fiscal sponsor (Human Rights),,,,,,https://web.archive.org/web/20250214122517/https://afgj.org/sponsored-projects/fiscally-sponsored-projects/fiscally-sponsored-projects
83,afgj,Alliance for Global Justice,p_national_immigrant_solidarity_network,National Immigrant Solidarity Network,fiscal_sponsor,confirmed,afgj-projects,fiscal sponsor (Immigration),,,,,,https://web.archive.org/web/20250214122517/https://afgj.org/sponsored-projects/fiscally-sponsored-projects/fiscally-sponsored-projects
84,afgj,Alliance for Global Justice,p_national_network_opposing_the_militari,National Network Opposing the Militarization of Youth,fiscal_sponsor,confirmed,afgj-interlock|afgj-projects,fiscal sponsor (Anti-war),,,,,,https://web.archive.org/web/20250214122517/https://afgj.org/sponsored-projects/fiscally-sponsored-projects/fiscally-sponsored-projects
85,afgj,Alliance for Global Justice,p_never_again_action,Never Again Action,fiscal_sponsor,confirmed,afgj-interlock|afgj-projects,fiscal sponsor (Immigration/Activism),,,,,,https://web.archive.org/web/20250214122517/https://afgj.org/sponsored-projects/fiscally-sponsored-projects/fiscally-sponsored-projects
86,afgj,Alliance for Global Justice,p_nicaragua_solidarity_fund,Nicaragua Solidarity Fund,fiscal_sponsor,confirmed,afgj-projects,fiscal sponsor (International Solidarity),,,,,,https://web.archive.org/web/20250214122517/https://afgj.org/sponsored-projects/fiscally-sponsored-projects/fiscally-sponsored-projects
87,afgj,Alliance for Global Justice,p_o_odham_anti_border_collective,O’odham Anti Border Collective,fiscal_sponsor,confirmed,afgj-projects,fiscal sponsor (Indigenous/Immigration),,,,,,https://web.archive.org/web/20250214122517/https://afgj.org/sponsored-projects/fiscally-sponsored-projects/fiscally-sponsored-projects
88,afgj,Alliance for Global Justice,p_orinoco_tribune,Orinoco Tribune,fiscal_sponsor,confirmed,afgj-interlock|afgj-projects,fiscal sponsor (Media),,,,,,https://web.archive.org/web/20250214122517/https://afgj.org/sponsored-projects/fiscally-sponsored-projects/fiscally-sponsored-projects
89,afgj,Alliance for Global Justice,p_otros_mundos_a_c,Otros Mundos A.C.,fiscal_sponsor,confirmed,afgj-projects,fiscal sponsor (Environmental/Social Justice),,,,,,https://web.archive.org/web/20250214122517/https://afgj.org/sponsored-projects/fiscally-sponsored-projects/fiscally-sponsored-projects
90,afgj,Alliance for Global Justice,p_peace_education,Peace Education,fiscal_sponsor,confirmed,afgj-projects,fiscal sponsor (Education),,,,,,https://web.archive.org/web/20250214122517/https://afgj.org/sponsored-projects/fiscally-sponsored-projects/fiscally-sponsored-projects
91,afgj,Alliance for Global Justice,p_people_helping_people,People Helping People,fiscal_sponsor,confirmed,afgj-projects,fiscal sponsor (Humanitarian),,,,,,https://web.archive.org/web/20250214122517/https://afgj.org/sponsored-projects/fiscally-sponsored-projects/fiscally-sponsored-projects
92,afgj,Alliance for Global Justice,p_philly_thrive,Philly Thrive,fiscal_sponsor,confirmed,afgj-projects,fiscal sponsor (Environmental Justice),,,,,,https://web.archive.org/web/20250214122517/https://afgj.org/sponsored-projects/fiscally-sponsored-projects/fiscally-sponsored-projects
93,afgj,Alliance for Global Justice,p_poor_people_s_economic_human_rights_ca,Poor People’s Economic Human Rights Campaign,fiscal_sponsor,confirmed,afgj-interlock|afgj-projects,fiscal sponsor (Economic Justice),,,,,,https://web.archive.org/web/20250214122517/https://afgj.org/sponsored-projects/fiscally-sponsored-projects/fiscally-sponsored-projects
94,afgj,Alliance for Global Justice,p_popular_resistance,Popular Resistance,fiscal_sponsor,confirmed,afgj-interlock|afgj-projects,fiscal sponsor (Media/Activism),,,,,,https://web.archive.org/web/20250214122517/https://afgj.org/sponsored-projects/fiscally-sponsored-projects/fiscally-sponsored-projects
95,afgj,Alliance for Global Justice,p_pueblo_sin_fronteras,Pueblo Sin Fronteras,fiscal_sponsor,confirmed,afgj-projects,fiscal sponsor (Immigration),,,,,,https://web.archive.org/web/20250214122517/https://afgj.org/sponsored-projects/fiscally-sponsored-projects/fiscally-sponsored-projects
96,afgj,Alliance for Global Justice,p_queer_food_foundation,Queer Food Foundation,fiscal_sponsor,confirmed,afgj-interlock|afgj-projects,fiscal sponsor (Food Justice/LGBTQ),,,,,,https://web.archive.org/web/20250214122517/https://afgj.org/sponsored-projects/fiscally-sponsored-projects/fiscally-sponsored-projects
97,afgj,Alliance for Global Justice,p_radical_bloggers_fund,Radical Bloggers Fund,fiscal_sponsor,confirmed,afgj-projects,fiscal sponsor (Media/Funding),,,,,,https://web.archive.org/web/20250214122517/https://afgj.org/sponsored-projects/fiscally-sponsored-projects/fiscally-sponsored-projects
98,afgj,Alliance for Global Justice,p_real_food_generation,Real Food Generation,fiscal_sponsor,confirmed,afgj-interlock|afgj-projects,fiscal sponsor (Food Justice),,,,,,https://web.archive.org/web/20250214122517/https://afgj.org/sponsored-projects/fiscally-sponsored-projects/fiscally-sponsored-projects
99,afgj,Alliance for Global Justice,p_real_name_campaign_nola,Real Name Campaign NOLA,fiscal_sponsor,confirmed,afgj-projects,fiscal sponsor (Criminal Justice),,,,,,https://web.archive.org/web/20250214122517/https://afgj.org/sponsored-projects/fiscally-sponsored-projects/fiscally-sponsored-projects
100,afgj,Alliance for Global Justice,p_reale_justice_network,Reale Justice Network,fiscal_sponsor,confirmed,afgj-projects,fiscal sponsor (Criminal Justice),,,,,,https://web.archive.org/web/20250214122517/https://afgj.org/sponsored-projects/fiscally-sponsored-projects/fiscally-sponsored-projects
101,afgj,Alliance for Global Justice,p_reconnect_earth,Reconnect Earth,fiscal_sponsor,confirmed,afgj-projects,fiscal sponsor (Environmental),,,,,,https://web.archive.org/web/20250214122517/https://afgj.org/sponsored-projects/fiscally-sponsored-projects/fiscally-sponsored-projects
102,afgj,Alliance for Global Justice,p_red_de_solidaridad,Red de Solidaridad,fiscal_sponsor,confirmed,afgj-projects,fiscal sponsor (International Solidarity),,,,,,https://web.archive.org/web/20250214122517/https://afgj.org/sponsored-projects/fiscally-sponsored-projects/fiscally-sponsored-projects
103,afgj,Alliance for Global Justice,p_refuse_fascism,Refuse Fascism,fiscal_sponsor,confirmed,afgj-interlock|afgj-projects,fiscal sponsor (Activism),,,,,,https://web.archive.org/web/20250214122517/https://afgj.org/sponsored-projects/fiscally-sponsored-projects/fiscally-sponsored-projects
104,afgj,Alliance for Global Justice,p_return_solidarity,Return Solidarity,fiscal_sponsor,confirmed,afgj-projects,fiscal sponsor (International Solidarity),,,,,,https://web.archive.org/web/20250214122517/https://afgj.org/sponsored-projects/fiscally-sponsored-projects/fiscally-sponsored-projects
105,afgj,Alliance for Global Justice,p_reuniting_of_african_descendants_road,Reuniting of African Descendants (ROAD),fiscal_sponsor,confirmed,afgj-projects,fiscal sponsor (Pan-African),,,,,,https://web.archive.org/web/20250214122517/https://afgj.org/sponsored-projects/fiscally-sponsored-projects/fiscally-sponsored-projects
106,afgj,Alliance for Global Justice,p_solidarity_ignite,Solidarity Ignite,fiscal_sponsor,confirmed,afgj-projects,fiscal sponsor (Activism),,,,,,https://web.archive.org/web/20250214122517/https://afgj.org/sponsored-projects/fiscally-sponsored-projects/fiscally-sponsored-projects
107,afgj,Alliance for Global Justice,p_south_bronx_unite,South Bronx Unite,fiscal_sponsor,confirmed,afgj-interlock|afgj-projects,fiscal sponsor (Environmental Justice),,,,,,https://web.archive.org/web/20250214122517/https://afgj.org/sponsored-projects/fiscally-sponsored-projects/fiscally-sponsored-projects
108,afgj,Alliance for Global Justice,p_splitseed_productions,SplitSeed Productions,fiscal_sponsor,confirmed,afgj-interlock|afgj-projects,fiscal sponsor (Media/Arts),,,,,,https://web.archive.org/web/20250214122517/https://afgj.org/sponsored-projects/fiscally-sponsored-projects/fiscally-sponsored-projects
109,afgj,Alliance for Global Justice,p_stop_mass_incarceration_network,Stop Mass Incarceration Network,fiscal_sponsor,confirmed,afgj-interlock|afgj-projects,fiscal sponsor (Criminal Justice),,,,,,https://web.archive.org/web/20250214122517/https://afgj.org/sponsored-projects/fiscally-sponsored-projects/fiscally-sponsored-projects
110,afgj,Alliance for Global Justice,p_suriname_indigenous_health_fund,Suriname Indigenous Health Fund,fiscal_sponsor,confirmed,afgj-projects,fiscal sponsor (Health/Indigenous),,,,,,https://web.archive.org/web/20250214122517/https://afgj.org/sponsored-projects/fiscally-sponsored-projects/fiscally-sponsored-projects
111,afgj,Alliance for Global Justice,p_sustainable_nations,Sustainable Nations,fiscal_sponsor,confirmed,afgj-projects,fiscal sponsor (Environmental/Indigenous),,,,,,https://web.archive.org/web/20250214122517/https://afgj.org/sponsored-projects/fiscally-sponsored-projects/fiscally-sponsored-projects
112,afgj,Alliance for Global Justice,p_sustainable_orphanages_for_haitian_you,Sustainable Orphanages for Haitian Youth,fiscal_sponsor,confirmed,afgj-interlock|afgj-projects,fiscal sponsor (Charity),,,,,,https://web.archive.org/web/20250214122517/https://afgj.org/sponsored-projects/fiscally-sponsored-projects/fiscally-sponsored-projects
113,afgj,Alliance for Global Justice,p_ta_ayush,Ta’ayush,fiscal_sponsor,confirmed,afgj-projects,fiscal sponsor (Peace/Activism),,,,,,https://web.archive.org/web/20250214122517/https://afgj.org/sponsored-projects/fiscally-sponsored-projects/fiscally-sponsored-projects
114,afgj,Alliance for Global Justice,p_taking_black_pride,Taking Black Pride,fiscal_sponsor,confirmed,afgj-interlock|afgj-projects,fiscal sponsor (LGBTQ/Cultural),,,,,,https://web.archive.org/web/20250214122517/https://afgj.org/sponsored-projects/fiscally-sponsored-projects/fiscally-sponsored-projects
115,afgj,Alliance for Global Justice,p_the_l_i_c_project,The L.I.C. Project,fiscal_sponsor,confirmed,afgj-projects,fiscal sponsor (Community/Arts),,,,,,https://web.archive.org/web/20250214122517/https://afgj.org/sponsored-projects/fiscally-sponsored-projects/fiscally-sponsored-projects
116,afgj,Alliance for Global Justice,p_thompson_house_tucson,Thompson House Tucson,fiscal_sponsor,confirmed,afgj-interlock|afgj-projects,fiscal sponsor (Community Space),,,,,,https://web.archive.org/web/20250214122517/https://afgj.org/sponsored-projects/fiscally-sponsored-projects/fiscally-sponsored-projects
117,afgj,Alliance for Global Justice,p_trans_women_of_color_solidarity_networ,Trans Women of Color Solidarity Network,fiscal_sponsor,confirmed,afgj-interlock|afgj-projects,fiscal sponsor (LGBTQ),,,,,,https://web.archive.org/web/20250214122517/https://afgj.org/sponsored-projects/fiscally-sponsored-projects/fiscally-sponsored-projects
118,afgj,Alliance for Global Justice,p_ubuntu,UBUNTU,fiscal_sponsor,confirmed,afgj-projects,fiscal sponsor (Pan-African/Community),,,,,,https://web.archive.org/web/20250214122517/https://afgj.org/sponsored-projects/fiscally-sponsored-projects/fiscally-sponsored-projects
119,afgj,Alliance for Global Justice,p_unir,UNIR,fiscal_sponsor,confirmed,afgj-projects,fiscal sponsor (International Solidarity),,,,,,https://web.archive.org/web/20250214122517/https://afgj.org/sponsored-projects/fiscally-sponsored-projects/fiscally-sponsored-projects
120,afgj,Alliance for Global Justice,p_united_students_against_sweatshops,United Students Against Sweatshops,fiscal_sponsor,confirmed,afgj-interlock|afgj-projects,fiscal sponsor (Labor/Student),,,,,,https://web.archive.org/web/20250214122517/https://afgj.org/sponsored-projects/fiscally-sponsored-projects/fiscally-sponsored-projects
121,afgj,Alliance for Global Justice,p_upland_grassroots,Upland Grassroots,fiscal_sponsor,confirmed,afgj-projects,fiscal sponsor (Environmental),,,,,,https://web.archive.org/web/20250214122517/https://afgj.org/sponsored-projects/fiscally-sponsored-projects/fiscally-sponsored-projects
122,afgj,Alliance for Global Justice,p_werk_for_peace,WERK for Peace,fiscal_sponsor,confirmed,afgj-interlock|afgj-projects,fiscal sponsor (LGBTQ/Peace),,,,,,https://web.archive.org/web/20250214122517/https://afgj.org/sponsored-projects/fiscally-sponsored-projects/fiscally-sponsored-projects
123,afgj,Alliance for Global Justice,p_white_noise_collective,White Noise Collective,fiscal_sponsor,confirmed,afgj-projects,fiscal sponsor (Activism),,,,,,https://web.archive.org/web/20250214122517/https://afgj.org/sponsored-projects/fiscally-sponsored-projects/fiscally-sponsored-projects
124,afgj,Alliance for Global Justice,p_woodbine_education_center,Woodbine Education Center,fiscal_sponsor,confirmed,afgj-projects,fiscal sponsor (Education/Community),,,,,,https://web.archive.org/web/20250214122517/https://afgj.org/sponsored-projects/fiscally-sponsored-projects/fiscally-sponsored-projects
125,afgj,Alliance for Global Justice,p_world_can_t_wait,World Can’t Wait,fiscal_sponsor,confirmed,afgj-interlock|afgj-projects,fiscal sponsor (Activism),,,,,,https://web.archive.org/web/20250214122517/https://afgj.org/sponsored-projects/fiscally-sponsored-projects/fiscally-sponsored-projects
126,afgj,Alliance for Global Justice,p_youth_vs_apocalypse,Youth Vs Apocalypse,fiscal_sponsor,confirmed,afgj-interlock|afgj-projects,fiscal sponsor (Environmental/Youth),,,,,,https://web.archive.org/web/20250214122517/https://afgj.org/sponsored-projects/fiscally-sponsored-projects/fiscally-sponsored-projects
1014,afgj,Alliance for Global Justice,hub_occupy_wall_street,Occupy Wall Street,fiscal_sponsor,inferred,_mined,fiscal sponsor,,,,,,https://www.influencewatch.org/non-profit/alliance-for-global-justice/
134,answer,ANSWER Coalition,ev_nica_delegation_2021,AFGJ Intl Delegation to Nicaragua (Jul 2021),cosponsored,confirmed,latam-solidarity,co-sponsor,,,,,,https://afgj.org/statement-of-the-international-delegation-to-nicaragua-july-18-25-2021
829,answer,ANSWER Coalition,venezuela,Venezuela,sponsor,inferred,_mined,sponsor,,,,,,https://www.answercoalition.org/april_22_direct_from_venezuela
150,bap,Black Alliance for Peace,ev_nica_delegation_2021,AFGJ Intl Delegation to Nicaragua (Jul 2021),cosponsored,confirmed,latam-solidarity,co-sponsor,,,,,,https://afgj.org/statement-of-the-international-delegation-to-nicaragua-july-18-25-2021
828,brian_becker,Brian Becker,venezuela,Venezuela,sponsor,inferred,_mined,sponsor,,,,,,https://www.influencewatch.org/person/brian-becker/
1005,cuba,Cuba,rub_weather_underground,Weather Underground,funds,inferred,_mined,funds,,,,,,https://en.wikipedia.org/wiki/Weather_Underground
279,german_gov,German Federal Government,fes,Friedrich Ebert Stiftung Inc (FES),funds,confirmed,rls-germany,party-foundation appropriation,,,,,,https://en.wikipedia.org/wiki/Political_foundation_in_Germany
280,german_gov,German Federal Government,fns,Friedrich Naumann Foundation (FNS),funds,confirmed,rls-germany,party-foundation appropriation,,,,,,https://en.wikipedia.org/wiki/Political_foundation_in_Germany
281,german_gov,German Federal Government,hbs,Heinrich Boell Foundation (HBS),funds,confirmed,rls-germany,party-foundation appropriation,,,,,,https://en.wikipedia.org/wiki/Political_foundation_in_Germany
282,german_gov,German Federal Government,hss,Hanns Seidel Foundation USA (HSS),funds,confirmed,rls-germany,party-foundation appropriation,,,,,,https://en.wikipedia.org/wiki/Political_foundation_in_Germany
283,german_gov,German Federal Government,kas,Konrad Adenauer Stiftung Inc (KAS),funds,confirmed,rls-germany,party-foundation appropriation,,,,,,https://en.wikipedia.org/wiki/Political_foundation_in_Germany
284,german_gov,German Federal Government,rls_berlin,Rosa-Luxemburg-Stiftung e.V. (Berlin),funds,confirmed,rls-germany,EUR 71.2M (2024); formula on Die Linke vote share,,,,,,https://en.wikipedia.org/wiki/Political_foundation_in_Germany
893,german_gov,German Federal Government,p_coalition_of_women_for_peace,Coalition of Women for Peace,funds,inferred,_mined,funds,,,,,,https://ngo-monitor.org/ngos/coalition_of_women_for_peace/
298,hatuey,The Hatuey Project,minsap,MINSAP (Cuban Health Ministry),donations_to,confirmed,hatuey,donations to Cuban hospitals (MINSAP-run),,,,,,https://www.hatueyproject.org/
787,hatuey,The Hatuey Project,cuba,Cuba,donated,inferred,_mined,donated,,,,,,https://www.hatueyproject.org/news/hatuey-project-press-conference-in-cuba/
910,iran,Islamic Republic of Iran (state),rub_palestinian_islamic_jihad,Palestinian Islamic Jihad,funds,inferred,_mined,funds,,,,,,https://en.wikipedia.org/wiki/Palestinian_Islamic_Jihad
319,jef,Justice and Education Fund (JEF),tricontinental,Tricontinental: Institute for Social Research,funds,inferred,singham-spine,Singham-founded,,,,,,https://waysandmeans.house.gov/2025/09/04/chairman-smith-exposes-u-s-nonprofit-as-likely-ccp-funded-propaganda-arm-operating-under-tax-exempt-status/
799,pf,The People's Forum,rub_venceremos_brigade,Venceremos Brigade,fiscal_sponsor,inferred,_mined,fiscal sponsor,,,,,,https://vb4cuba.com/
843,pf,The People's Forum,btm,BreakThrough News,grant,inferred,_mined,grant,,,,,,https://en.wikipedia.org/wiki/BreakThrough_News
958,psf,People's Support Foundation (PSF),ucf,United Community Fund,funds,inferred,_mined,funds,,,,,,https://newlinesmag.com/reportage/the-big-business-of-uyghur-genocide-denial/
565,rls_nyc,Rosa Luxemburg Stiftung Inc (RLS-NYC),jacobin,Jacobin,cosponsor,confirmed,rls-germany,co-sponsored events; co-commissioned Nov 2025 poll,,,,,,https://rosalux.nyc/new-poll-democratic-socialism-is-now-mainstream/
568,rls_nyc,Rosa Luxemburg Stiftung Inc (RLS-NYC),ydsa,Young DSA (YDSA),funds,inferred,rls-germany,'Generation Left' Winter Conference co-sponsor (Feb 2016),,,,,,https://keywiki.org/Rosa_Luxemburg_Stiftung
797,rub_association_for_investment,Association for Investment in Popular Action Committees,p_good_shepherd_collective,Good Shepherd Collective,fiscal_sponsor,inferred,_mined,fiscal sponsor,,,,,,https://assinvpopactcom.org/
719,rub_black_lives_matter_global,Black Lives Matter Global Network Foundation,p_black_trans_media,Black Trans Media,grant,inferred,_mined,grant,,,,,,https://www.influencewatch.org/non-profit/black-trans-media/
767,rub_black_lives_matter_global,Black Lives Matter Global Network Foundation,p_black_trans_travel_fund,Black Trans Travel Fund,grant,inferred,_mined,grant,,,,,,https://www.influencewatch.org/for-profit/the-black-trans-travel-fund/
604,rub_ifco_pastors_for_peace,IFCO / Pastors for Peace,rub_the_jericho_movement,The Jericho Movement,fiscal_sponsor,inferred,rubio-cuba,fiscal sponsorship / Pastors-for-Peace caravan network,,,,,,https://thejerichomovement.com
605,rub_ifco_pastors_for_peace,IFCO / Pastors for Peace,rub_venceremos_brigade,Venceremos Brigade,fiscal_sponsor,inferred,rubio-cuba,fiscal sponsorship / Pastors-for-Peace caravan network,,,,,,https://vb4cuba.com/
766,samidoun,Samidoun Palestinian Prisoner Solidarity Network,p_international_people_s_tribunal,International People’s Tribunal,co_sponsor,inferred,_mined,co sponsor,,,,,,https://samidoun.net/2023/01/28-january-public-launch-of-the-international-peoples-tribunal-on-u-s-imperialism-sanctions-blockades-and-economic-coercive-measures/
667,singham,Neville Roy Singham,pf,The People's Forum,funds,confirmed,hatuey,funds,,,,,,https://www.adl.org/resources/backgrounder/party-socialism-and-liberation-psl
791,singham,Neville Roy Singham,btm,BreakThrough News,funds,inferred,_mined,funds,,,,,,https://www.foxnews.com/politics/inside-cubas-foreign-influence-campaign-from-venceremos-brigade-1960s-saturday-union-hall
792,singham,Neville Roy Singham,answer,ANSWER Coalition,funds,inferred,_mined,funds,,,,,,https://www.foxnews.com/politics/inside-cubas-foreign-influence-campaign-from-venceremos-brigade-1960s-saturday-union-hall
793,singham,Neville Roy Singham,psl,Party for Socialism & Liberation,funds,inferred,_mined,funds,,,,,,https://www.foxnews.com/politics/inside-cubas-foreign-influence-campaign-from-venceremos-brigade-1960s-saturday-union-hall
928,singham,Neville Roy Singham,chung,David Sung Mo Chung,funds,inferred,_mined,funds,,,,,,https://www.influencewatch.org/non-profit/the-peoples-forum/
1010,singham,Neville Roy Singham,ipa,International Peoples' Assembly,funds,inferred,_mined,funds,,,,,,https://en.wikipedia.org/wiki/Neville_Roy_Singham
